domanID,siteID,nmdLctn,gdtcDtm,loctype,cellid,cellrow,cellcol,cellx,celly,sensor_zenith,solar_zenith,clouds,flightline,aop_site,crs,flightdate,radfile,gpstime_hrs,rad_flightline
D03,BARC,BARC.AOS.buoy.c0,WGS84,buoy.c0,6366221,7386,351,402423.5,3283307.5,3.540428876876831,30.09098713669444,Green (<10%) cloud cover,20140507_152342,OSBS,EPSG:32617,2014-05-07,NEON_D03_OSBS_DP1_20140507_L019-1_radiance,15.432674407958984,L019-1
D03,BARC,BARC.AOS.inlet,WGS84,inlet,6224061,7221,421,402493.5,3283472.5,0.5829877853393555,30.09098713669444,Green (<10%) cloud cover,20140507_152342,OSBS,EPSG:32617,2014-05-07,NEON_D03_OSBS_DP1_20140507_L019-1_radiance,15.431862831115724,L019-1
D03,BARC,BARC.AOS.outlet,WGS84,outlet,6484315,7523,351,402423.5,3283170.5,3.4435248374938965,30.09098713669444,Green (<10%) cloud cover,20140507_152342,OSBS,EPSG:32617,2014-05-07,NEON_D03_OSBS_DP1_20140507_L019-1_radiance,15.433438301086426,L019-1
D03,BARC,BARC.AOS.buoy.c0,WGS84,buoy.c0,6726716,6576,491,402423.5,3283307.5,3.2985897064208984,23.09519102760117,Yellow (10 - 50%) cloud cover,20140520_155014,OSBS,EPSG:32617,2014-05-20,NEON_D03_OSBS_DP1_20140520_L019-1_radiance,15.873550415039064,L019-1
D03,BARC,BARC.AOS.inlet,WGS84,inlet,6557991,6411,561,402493.5,3283472.5,1.2319331169128418,23.09519102760117,Yellow (10 - 50%) cloud cover,20140520_155014,OSBS,EPSG:32617,2014-05-20,NEON_D03_OSBS_DP1_20140520_L019-1_radiance,15.874533653259276,L019-1
D03,BARC,BARC.AOS.outlet,WGS84,outlet,6866867,6713,491,402423.5,3283170.5,3.256176233291626,23.09519102760117,Yellow (10 - 50%) cloud cover,20140520_155014,OSBS,EPSG:32617,2014-05-20,NEON_D03_OSBS_DP1_20140520_L019-1_radiance,15.872716903686523,L019-1
D03,BARC,BARC.AOS.inlet,WGS84,inlet,6940701,7369,45,402493.5,3283472.5,21.034067153930664,21.437108954507245,Yellow (10 - 50%) cloud cover,20140520_155830,OSBS,EPSG:32617,2014-05-20,NEON_D03_OSBS_DP1_20140520_L018-1_radiance,16.005043029785156,L018-1
D03,BARC,BARC.AOS.buoy.c0,WGS84,buoy.c0,6967294,6661,934,402423.5,3283307.5,18.44963836669922,31.466435115663195,Red (> 50%) cloud cover,20170927_170305,OSBS,EPSG:32617,2017-09-27,NEON_D03_OSBS_DP1_20170927_L020-1_radiance,17.143821716308594,L020-1
D03,BARC,BARC.AOS.inlet,WGS84,inlet,6794774,6496,1004,402493.5,3283472.5,21.716506958007812,31.466435115663195,Red (> 50%) cloud cover,20170927_170305,OSBS,EPSG:32617,2017-09-27,NEON_D03_OSBS_DP1_20170927_L020-1_radiance,17.14458465576172,L020-1
D03,BARC,BARC.AOS.outlet,WGS84,outlet,7110596,6798,934,402423.5,3283170.5,18.726991653442383,31.466435115663195,Red (> 50%) cloud cover,20170927_170305,OSBS,EPSG:32617,2017-09-27,NEON_D03_OSBS_DP1_20170927_L020-1_radiance,17.143110275268555,L020-1
D03,BARC,BARC.AOS.buoy.c0,WGS84,buoy.c0,5378893,6699,399,402423.5,3283307.5,3.247718811035156,35.20630820474475,Red (> 50%) cloud cover,20180915_154327,OSBS,EPSG:32617,2018-09-15,NEON_D03_OSBS_DP1_20180915_L019-1_radiance,15.777082443237305,L019-1
D03,BARC,BARC.AOS.inlet,WGS84,inlet,5246468,6534,469,402493.5,3283472.5,0.9785497188568116,35.20630820474475,Red (> 50%) cloud cover,20180915_154327,OSBS,EPSG:32617,2018-09-15,NEON_D03_OSBS_DP1_20180915_L019-1_radiance,15.777946472167969,L019-1
D03,BARC,BARC.AOS.outlet,WGS84,outlet,5488904,6836,399,402423.5,3283170.5,3.3156933784484863,35.20630820474475,Red (> 50%) cloud cover,20180915_154327,OSBS,EPSG:32617,2018-09-15,NEON_D03_OSBS_DP1_20180915_L019-1_radiance,15.776315689086914,L019-1
D03,BARC,BARC.AOS.buoy.c0,WGS84,buoy.c0,5552515,6739,403,402423.5,3283307.5,3.1541569232940674,37.23516890668017,Green (<10%) cloud cover,20181012_172548,OSBS,EPSG:32617,2018-10-12,NEON_D03_OSBS_DP1_20181012_L019-1_radiance,17.484228134155273,L019-1
D03,BARC,BARC.AOS.inlet,WGS84,inlet,5416625,6574,473,402493.5,3283472.5,1.2607861757278442,37.23516890668017,Green (<10%) cloud cover,20181012_172548,OSBS,EPSG:32617,2018-10-12,NEON_D03_OSBS_DP1_20181012_L019-1_radiance,17.485050201416016,L019-1
D03,BARC,BARC.AOS.outlet,WGS84,outlet,5665403,6876,403,402423.5,3283170.5,3.051051616668701,37.23516890668017,Green (<10%) cloud cover,20181012_172548,OSBS,EPSG:32617,2018-10-12,NEON_D03_OSBS_DP1_20181012_L019-1_radiance,17.483497619628906,L019-1
D11,BLUE,BLUE.AOS.S2,WGS84,S2,2567618,2770,755,718304.5,3813886.5,14.260016441345217,35.196455304044164,Green (<10%) cloud cover,20170506_160715,BLUE,EPSG:32614,2017-05-06,NA,NA,NA
D11,BLUE,BLUE.AOS.reach,WGS84,reach,2487865,2684,724,718273.5,3813972.5,12.9245023727417,35.196455304044164,Green (<10%) cloud cover,20170506_160715,BLUE,EPSG:32614,2017-05-06,NA,NA,NA
D11,BLUE,BLUE.AOS.S2,WGS84,S2,2133571,2722,307,718304.5,3813886.5,7.042884826660156,34.2027819043501,Green (<10%) cloud cover,20170506_161227,BLUE,EPSG:32614,2017-05-06,NA,NA,NA
D11,BLUE,BLUE.AOS.reach,WGS84,reach,2066116,2636,276,718273.5,3813972.5,8.639181137084961,34.2027819043501,Green (<10%) cloud cover,20170506_161227,BLUE,EPSG:32614,2017-05-06,NA,NA,NA
D11,BLUE,BLUE.AOS.S2,WGS84,S2,1696187,2164,395,718392.5,3814444.5,2.415970802307129,34.2027819043501,Green (<10%) cloud cover,20170506_161227,BLUE,EPSG:32614,2017-05-06,NA,NA,NA
D08,BLWA,BLWA.AOS.buoy.c0,WGS84,buoy.c0,5794587,7076,162,425063.5,3600648.5,13.010820388793944,39.3169726311511,Green (<10%) cloud cover,20170515_150153,DELA,EPSG:32616,2017-05-15,NEON_D08_DELA_DP1_20170515_L012-1_radiance,15.083941459655762,L012-1
D08,BLWA,BLWA.AOS.buoy.c1,WGS84,buoy.c1,5794587,7076,162,425063.5,3600648.5,13.010820388793944,39.3169726311511,Green (<10%) cloud cover,20170515_150153,DELA,EPSG:32616,2017-05-15,NEON_D08_DELA_DP1_20170515_L012-1_radiance,15.083941459655762,L012-1
D08,BLWA,BLWA.AOS.buoy.c2,WGS84,buoy.c2,5794587,7076,162,425063.5,3600648.5,13.010820388793944,39.3169726311511,Green (<10%) cloud cover,20170515_150153,DELA,EPSG:32616,2017-05-15,NEON_D08_DELA_DP1_20170515_L012-1_radiance,15.083941459655762,L012-1
D08,BLWA,BLWA.AOS.buoy.c0,WGS84,buoy.c0,5426019,6724,558,425063.5,3600648.5,11.507014274597168,37.701323045480144,Green (<10%) cloud cover,20170515_150942,DELA,EPSG:32616,2017-05-15,NEON_D08_DELA_DP1_20170515_L013-1_radiance,15.20082664489746,L013-1
D08,BLWA,BLWA.AOS.buoy.c1,WGS84,buoy.c1,5426019,6724,558,425063.5,3600648.5,11.507014274597168,37.701323045480144,Green (<10%) cloud cover,20170515_150942,DELA,EPSG:32616,2017-05-15,NEON_D08_DELA_DP1_20170515_L013-1_radiance,15.20082664489746,L013-1
D08,BLWA,BLWA.AOS.buoy.c2,WGS84,buoy.c2,5426019,6724,558,425063.5,3600648.5,11.507014274597168,37.701323045480144,Green (<10%) cloud cover,20170515_150942,DELA,EPSG:32616,2017-05-15,NEON_D08_DELA_DP1_20170515_L013-1_radiance,15.20082664489746,L013-1
D08,BLWA,BLWA.AOS.buoy.c0,WGS84,buoy.c0,5709174,691,7014,425063.5,3600648.5,6.234264850616455,17.54108718039506,Yellow (10 - 50%) cloud cover,20170515_165759,DELA,EPSG:32616,2017-05-15,NEON_D08_DELA_DP1_20170515_L001-1_radiance,17.017009735107422,L001-1
D08,BLWA,BLWA.AOS.buoy.c1,WGS84,buoy.c1,5709174,691,7014,425063.5,3600648.5,6.234264850616455,17.54108718039506,Yellow (10 - 50%) cloud cover,20170515_165759,DELA,EPSG:32616,2017-05-15,NEON_D08_DELA_DP1_20170515_L001-1_radiance,17.017009735107422,L001-1
D08,BLWA,BLWA.AOS.buoy.c2,WGS84,buoy.c2,5709174,691,7014,425063.5,3600648.5,6.234264850616455,17.54108718039506,Yellow (10 - 50%) cloud cover,20170515_165759,DELA,EPSG:32616,2017-05-15,NEON_D08_DELA_DP1_20170515_L001-1_radiance,17.017009735107422,L001-1
D08,BLWA,BLWA.AOS.buoy.c0,WGS84,buoy.c0,4403308,555,2332,425063.5,3600648.5,7.703665733337402,39.75288377763205,Red (> 50%) cloud cover,20170516_203433,DELA,EPSG:32616,2017-05-16,NEON_D08_DELA_DP1_20170516_L001-1_radiance,20.602676391601562,L001-1
D08,BLWA,BLWA.AOS.buoy.c1,WGS84,buoy.c1,4403308,555,2332,425063.5,3600648.5,7.703665733337402,39.75288377763205,Red (> 50%) cloud cover,20170516_203433,DELA,EPSG:32616,2017-05-16,NEON_D08_DELA_DP1_20170516_L001-1_radiance,20.602676391601562,L001-1
D08,BLWA,BLWA.AOS.buoy.c2,WGS84,buoy.c2,4403308,555,2332,425063.5,3600648.5,7.703665733337402,39.75288377763205,Red (> 50%) cloud cover,20170516_203433,DELA,EPSG:32616,2017-05-16,NEON_D08_DELA_DP1_20170516_L001-1_radiance,20.602676391601562,L001-1
D08,BLWA,BLWA.AOS.buoy.c0,WGS84,buoy.c0,6677983,520,7276,425063.5,3600648.5,6.7748589515686035,14.82524609004859,Green (<10%) cloud cover,20170526_170443,DELA,EPSG:32616,2017-05-26,NEON_D08_DELA_DP1_20170526_L001-1_radiance,17.137317657470703,L001-1
D08,BLWA,BLWA.AOS.buoy.c1,WGS84,buoy.c1,6677983,520,7276,425063.5,3600648.5,6.7748589515686035,14.82524609004859,Green (<10%) cloud cover,20170526_170443,DELA,EPSG:32616,2017-05-26,NEON_D08_DELA_DP1_20170526_L001-1_radiance,17.137317657470703,L001-1
D08,BLWA,BLWA.AOS.buoy.c2,WGS84,buoy.c2,6677983,520,7276,425063.5,3600648.5,6.7748589515686035,14.82524609004859,Green (<10%) cloud cover,20170526_170443,DELA,EPSG:32616,2017-05-26,NEON_D08_DELA_DP1_20170526_L001-1_radiance,17.137317657470703,L001-1
D08,BLWA,BLWA.AOS.buoy.c0,WGS84,buoy.c0,6493897,7596,172,425063.5,3600648.5,12.761197090148926,29.742695909536195,Green (<10%) cloud cover,20180430_155951,DELA,EPSG:32616,2018-04-30,NEON_D08_DELA_DP1_20180430_L012-1_radiance,16.07066535949707,L012-1
D08,BLWA,BLWA.AOS.buoy.c1,WGS84,buoy.c1,6493897,7596,172,425063.5,3600648.5,12.761197090148926,29.742695909536195,Green (<10%) cloud cover,20180430_155951,DELA,EPSG:32616,2018-04-30,NEON_D08_DELA_DP1_20180430_L012-1_radiance,16.07066535949707,L012-1
D08,BLWA,BLWA.AOS.buoy.c2,WGS84,buoy.c2,6493897,7596,172,425063.5,3600648.5,12.761197090148926,29.742695909536195,Green (<10%) cloud cover,20180430_155951,DELA,EPSG:32616,2018-04-30,NEON_D08_DELA_DP1_20180430_L012-1_radiance,16.07066535949707,L012-1
D08,BLWA,BLWA.AOS.buoy.c0,WGS84,buoy.c0,6097594,7642,76,425063.5,3600648.5,13.06674575805664,39.61397542280729,Yellow (10 - 50%) cloud cover,20190429_151153,DELA,EPSG:32616,2019-04-29,NEON_D08_DELA_DP1_20190429_L012-1_radiance,15.238198280334473,L012-1
D08,BLWA,BLWA.AOS.buoy.c1,WGS84,buoy.c1,6097594,7642,76,425063.5,3600648.5,13.06674575805664,39.61397542280729,Yellow (10 - 50%) cloud cover,20190429_151153,DELA,EPSG:32616,2019-04-29,NEON_D08_DELA_DP1_20190429_L012-1_radiance,15.238198280334473,L012-1
D08,BLWA,BLWA.AOS.buoy.c2,WGS84,buoy.c2,6097594,7642,76,425063.5,3600648.5,13.06674575805664,39.61397542280729,Yellow (10 - 50%) cloud cover,20190429_151153,DELA,EPSG:32616,2019-04-29,NEON_D08_DELA_DP1_20190429_L012-1_radiance,15.238198280334473,L012-1
D08,BLWA,BLWA.AOS.buoy.c0,WGS84,buoy.c0,5359024,6801,624,425063.5,3600648.5,10.049201965332031,38.35617360835873,Yellow (10 - 50%) cloud cover,20190429_151835,DELA,EPSG:32616,2019-04-29,NEON_D08_DELA_DP1_20190429_L013-1_radiance,15.32718563079834,L013-1
D08,BLWA,BLWA.AOS.buoy.c1,WGS84,buoy.c1,5359024,6801,624,425063.5,3600648.5,10.049201965332031,38.35617360835873,Yellow (10 - 50%) cloud cover,20190429_151835,DELA,EPSG:32616,2019-04-29,NEON_D08_DELA_DP1_20190429_L013-1_radiance,15.32718563079834,L013-1
D08,BLWA,BLWA.AOS.buoy.c2,WGS84,buoy.c2,5359024,6801,624,425063.5,3600648.5,10.049201965332031,38.35617360835873,Yellow (10 - 50%) cloud cover,20190429_151835,DELA,EPSG:32616,2019-04-29,NEON_D08_DELA_DP1_20190429_L013-1_radiance,15.32718563079834,L013-1
D05,CRAM,CRAM.AOS.outlet,WGS84,outlet,8560762,7804,871,309132.5,5120578.5,17.843765258789062,38.81469033139992,Green (<10%) cloud cover,20160902_173948,UNDE,EPSG:32616,2016-09-02,NEON_D05_UNDE_DP1_20160902_L010-1_radiance,17.719270706176758,L010-1
D05,CRAM,CRAM.AOS.inlet,WGS84,inlet,9048779,8249,723,308984.5,5120133.5,11.350332260131836,38.81469033139992,Green (<10%) cloud cover,20160902_173948,UNDE,EPSG:32616,2016-09-02,NEON_D05_UNDE_DP1_20160902_L010-1_radiance,17.721406936645508,L010-1
D05,CRAM,CRAM.AOS.buoy.c1,WGS84,buoy.c1,8725122,7954,681,308942.5,5120428.5,8.1929349899292,38.81469033139992,Green (<10%) cloud cover,20160902_173948,UNDE,EPSG:32616,2016-09-02,NEON_D05_UNDE_DP1_20160902_L010-1_radiance,17.720094680786133,L010-1
D05,CRAM,CRAM.AOS.buoy.c2,WGS84,buoy.c2,8725122,7954,681,308942.5,5120428.5,8.1929349899292,38.81469033139992,Green (<10%) cloud cover,20160902_173948,UNDE,EPSG:32616,2016-09-02,NEON_D05_UNDE_DP1_20160902_L010-1_radiance,17.720094680786133,L010-1
D05,CRAM,CRAM.AOS.buoy.c0,WGS84,buoy.c0,8725122,7954,681,308942.5,5120428.5,8.1929349899292,38.81469033139992,Green (<10%) cloud cover,20160902_173948,UNDE,EPSG:32616,2016-09-02,NEON_D05_UNDE_DP1_20160902_L010-1_radiance,17.720094680786133,L010-1
D05,CRAM,CRAM.AOS.outlet,WGS84,outlet,7469307,6352,531,309132.5,5120578.5,6.0460710525512695,38.72332832656395,Green (<10%) cloud cover,20160902_174607,UNDE,EPSG:32616,2016-09-02,NEON_D05_UNDE_DP1_20160902_L009-1_radiance,17.821813583374023,L009-1
D05,CRAM,CRAM.AOS.inlet,WGS84,inlet,7992479,6797,383,308984.5,5120133.5,12.95050811767578,38.72332832656395,Green (<10%) cloud cover,20160902_174607,UNDE,EPSG:32616,2016-09-02,NEON_D05_UNDE_DP1_20160902_L009-1_radiance,17.819517135620117,L009-1
D05,CRAM,CRAM.AOS.buoy.c1,WGS84,buoy.c1,7645517,6502,341,308942.5,5120428.5,16.036888122558594,38.72332832656395,Green (<10%) cloud cover,20160902_174607,UNDE,EPSG:32616,2016-09-02,NEON_D05_UNDE_DP1_20160902_L009-1_radiance,17.82098388671875,L009-1
D05,CRAM,CRAM.AOS.buoy.c2,WGS84,buoy.c2,7645517,6502,341,308942.5,5120428.5,16.036888122558594,38.72332832656395,Green (<10%) cloud cover,20160902_174607,UNDE,EPSG:32616,2016-09-02,NEON_D05_UNDE_DP1_20160902_L009-1_radiance,17.82098388671875,L009-1
D05,CRAM,CRAM.AOS.buoy.c0,WGS84,buoy.c0,7645517,6502,341,308942.5,5120428.5,16.036888122558594,38.72332832656395,Green (<10%) cloud cover,20160902_174607,UNDE,EPSG:32616,2016-09-02,NEON_D05_UNDE_DP1_20160902_L009-1_radiance,17.82098388671875,L009-1
D05,CRAM,CRAM.AOS.outlet,WGS84,outlet,7207957,6650,441,309132.5,5120578.5,5.028635501861572,42.05641354825968,Green (<10%) cloud cover,20170912_174910,UNDE,EPSG:32616,2017-09-12,NEON_D05_UNDE_DP1_20170912_L009-1_radiance,17.900344848632812,L009-1
D05,CRAM,CRAM.AOS.inlet,WGS84,inlet,7690189,7095,293,308984.5,5120133.5,12.786673545837402,42.05641354825968,Green (<10%) cloud cover,20170912_174910,UNDE,EPSG:32616,2017-09-12,NEON_D05_UNDE_DP1_20170912_L009-1_radiance,17.902746200561523,L009-1
D05,CRAM,CRAM.AOS.buoy.c1,WGS84,buoy.c1,7370367,6800,251,308942.5,5120428.5,15.453609466552734,42.05641354825968,Green (<10%) cloud cover,20170912_174910,UNDE,EPSG:32616,2017-09-12,NEON_D05_UNDE_DP1_20170912_L009-1_radiance,17.901081085205078,L009-1
D05,CRAM,CRAM.AOS.buoy.c2,WGS84,buoy.c2,7370367,6800,251,308942.5,5120428.5,15.453609466552734,42.05641354825968,Green (<10%) cloud cover,20170912_174910,UNDE,EPSG:32616,2017-09-12,NEON_D05_UNDE_DP1_20170912_L009-1_radiance,17.901081085205078,L009-1
D05,CRAM,CRAM.AOS.buoy.c0,WGS84,buoy.c0,7370367,6800,251,308942.5,5120428.5,15.453609466552734,42.05641354825968,Green (<10%) cloud cover,20170912_174910,UNDE,EPSG:32616,2017-09-12,NEON_D05_UNDE_DP1_20170912_L009-1_radiance,17.901081085205078,L009-1
D05,CRAM,CRAM.AOS.inlet,WGS84,inlet,7405673,7000,731,308984.5,5120133.5,11.022210121154783,42.06605159096676,Green (<10%) cloud cover,20170912_175640,UNDE,EPSG:32616,2017-09-12,NEON_D05_UNDE_DP1_20170912_L010-1_radiance,18.028409957885746,L010-1
D05,CRAM,CRAM.AOS.buoy.c1,WGS84,buoy.c1,7093521,6705,689,308942.5,5120428.5,8.450342178344727,42.06605159096676,Green (<10%) cloud cover,20170912_175640,UNDE,EPSG:32616,2017-09-12,NEON_D05_UNDE_DP1_20170912_L010-1_radiance,18.029970169067383,L010-1
D05,CRAM,CRAM.AOS.buoy.c2,WGS84,buoy.c2,7093521,6705,689,308942.5,5120428.5,8.450342178344727,42.06605159096676,Green (<10%) cloud cover,20170912_175640,UNDE,EPSG:32616,2017-09-12,NEON_D05_UNDE_DP1_20170912_L010-1_radiance,18.029970169067383,L010-1
D05,CRAM,CRAM.AOS.buoy.c0,WGS84,buoy.c0,7093521,6705,689,308942.5,5120428.5,8.450342178344727,42.06605159096676,Green (<10%) cloud cover,20170912_175640,UNDE,EPSG:32616,2017-09-12,NEON_D05_UNDE_DP1_20170912_L010-1_radiance,18.029970169067383,L010-1
D05,CRAM,CRAM.AOS.inlet,WGS84,inlet,9481772,7843,794,308984.5,5120133.5,11.91374969482422,37.06977823085638,Green (<10%) cloud cover,20190608_153245,UNDE,EPSG:32616,2019-06-08,NEON_D05_UNDE_DP1_20190608_L010-1_radiance,15.57331371307373,L010-1
D05,CRAM,CRAM.AOS.buoy.c1,WGS84,buoy.c1,9125075,7548,752,308942.5,5120428.5,8.843751907348633,37.06977823085638,Green (<10%) cloud cover,20190608_153245,UNDE,EPSG:32616,2019-06-08,NEON_D05_UNDE_DP1_20190608_L010-1_radiance,15.571746826171877,L010-1
D05,CRAM,CRAM.AOS.buoy.c2,WGS84,buoy.c2,9125075,7548,752,308942.5,5120428.5,8.843751907348633,37.06977823085638,Green (<10%) cloud cover,20190608_153245,UNDE,EPSG:32616,2019-06-08,NEON_D05_UNDE_DP1_20190608_L010-1_radiance,15.571746826171877,L010-1
D05,CRAM,CRAM.AOS.buoy.c0,WGS84,buoy.c0,9125075,7548,752,308942.5,5120428.5,8.843751907348633,37.06977823085638,Green (<10%) cloud cover,20190608_153245,UNDE,EPSG:32616,2019-06-08,NEON_D05_UNDE_DP1_20190608_L010-1_radiance,15.571746826171877,L010-1
D05,CRAM,CRAM.AOS.outlet,WGS84,outlet,8138221,7399,421,309132.5,5120578.5,6.674016952514648,32.787356500094546,Green (<10%) cloud cover,20200811_171525,UNDE,EPSG:32616,2020-08-11,NEON_D05_UNDE_DP1_20200811_L009-1_radiance,17.26677703857422,L009-1
D05,CRAM,CRAM.AOS.inlet,WGS84,inlet,8627573,7844,273,308984.5,5120133.5,13.675207138061523,32.787356500094546,Green (<10%) cloud cover,20200811_171525,UNDE,EPSG:32616,2020-08-11,NEON_D05_UNDE_DP1_20200811_L009-1_radiance,17.269493103027344,L009-1
D03,FLNT,FLNT.AOS.buoy.c0,WGS84,buoy.c0,18138101,15995,905,744107.5,3452888.5,10.93479061126709,47.65830670318081,Green (<10%) cloud cover,20170917_144900,JERC,EPSG:32616,2017-09-17,NEON_D03_JERC_DP1_20170917_L007-1_radiance,14.883594512939451,L007-1
D03,FLNT,FLNT.AOS.buoy.c0,WGS84,buoy.c0,21392268,15953,636,744107.5,3452888.5,11.589470863342283,29.27584745155672,Yellow (10 - 50%) cloud cover,20170917_174613,JERC,EPSG:32616,2017-09-17,NEON_D03_JERC_DP1_20170917_L006-1_radiance,17.8386287689209,L006-1
D03,FLNT,FLNT.AOS.buoy.c0,WGS84,buoy.c0,21512435,16151,635,744107.5,3452888.5,13.348827362060549,30.401795250022342,Green (<10%) cloud cover,20170918_165616,JERC,EPSG:32616,2017-09-18,NEON_D03_JERC_DP1_20170918_L006-1_radiance,17.003265380859375,L006-1
D03,FLNT,FLNT.AOS.buoy.c0,WGS84,buoy.c0,17316375,16019,917,744107.5,3452888.5,11.032673835754396,35.5851001628766,Green (<10%) cloud cover,20180916_155910,JERC,EPSG:32616,2018-09-16,NEON_D03_JERC_DP1_20180916_L007-1_radiance,16.017595291137695,L007-1
D03,FLNT,FLNT.AOS.buoy.c0,WGS84,buoy.c0,18385747,15919,457,744107.5,3452888.5,12.857888221740724,40.477486647618974,Green (<10%) cloud cover,20180919_153133,JERC,EPSG:32616,2018-09-19,NEON_D03_JERC_DP1_20180919_L006-1_radiance,15.559823036193848,L006-1
D03,FLNT,FLNT.AOS.buoy.c0,WGS84,buoy.c0,20671916,16239,942,744107.5,3452888.5,10.642117500305176,24.61921396459268,Red (> 50%) cloud cover,20190830_182242,JERC,EPSG:32616,2019-08-30,NEON_D03_JERC_DP1_20190830_L007-1_radiance,18.36438751220703,L007-1
D03,FLNT,FLNT.AOS.buoy.c0,WGS84,buoy.c0,18152250,16839,886,744107.5,3452888.5,10.302536964416504,47.11663759703696,Green (<10%) cloud cover,20190906_144357,JERC,EPSG:32616,2019-09-06,NEON_D03_JERC_DP1_20190906_L007-1_radiance,14.782732009887695,L007-1
D05,LIRO,LIRO.AOS.outlet,WGS84,outlet,2464568,2568,248,290621.5,5097670.5,11.410783767700195,49.50664176512647,Green (<10%) cloud cover,20170911_195715,LIRO,EPSG:32616,2017-09-11,NEON_D05_LIRO_DP1_20170911_L005-2_radiance,20.01608085632324,L005-2
D05,LIRO,LIRO.AOS.buoy.c0,WGS84,buoy.c0,2706426,2820,186,290559.5,5097418.5,13.89523983001709,49.50664176512647,Green (<10%) cloud cover,20170911_195715,LIRO,EPSG:32616,2017-09-11,NEON_D05_LIRO_DP1_20170911_L005-2_radiance,20.017559051513672,L005-2
D05,LIRO,LIRO.AOS.buoy.c1,WGS84,buoy.c1,2706426,2820,186,290559.5,5097418.5,13.89523983001709,49.50664176512647,Green (<10%) cloud cover,20170911_195715,LIRO,EPSG:32616,2017-09-11,NEON_D05_LIRO_DP1_20170911_L005-2_radiance,20.017559051513672,L005-2
D05,LIRO,LIRO.AOS.buoy.c2,WGS84,buoy.c2,2706426,2820,186,290559.5,5097418.5,13.89523983001709,49.50664176512647,Green (<10%) cloud cover,20170911_195715,LIRO,EPSG:32616,2017-09-11,NEON_D05_LIRO_DP1_20170911_L005-2_radiance,20.017559051513672,L005-2
D05,LIRO,LIRO.AOS.inlet,WGS84,inlet,2185931,2476,506,290413.5,5097076.5,5.554161071777344,49.9458760464205,Green (<10%) cloud cover,20170911_200100,LIRO,EPSG:32616,2017-09-11,NEON_D05_LIRO_DP1_20170911_L006-2_radiance,20.070180892944336,L006-2
D05,LIRO,LIRO.AOS.outlet,WGS84,outlet,2295907,644,1683,290621.5,5097670.5,10.991092681884766,51.23842062852538,Green (<10%) cloud cover,20170911_201126,LIRO,EPSG:32616,2017-09-11,NEON_D05_LIRO_DP1_20170911_L001-2_radiance,20.245376586914062,L001-2
D05,LIRO,LIRO.AOS.outlet,WGS84,outlet,2750463,592,2313,290621.5,5097670.5,8.20578384399414,49.56617545734046,Red (> 50%) cloud cover,20200816_150613,LIRO,EPSG:32616,2020-08-16,NEON_D05_LIRO_DP1_20200816_L001-2_radiance,15.082987785339355,L001-2
D05,LIRO,LIRO.AOS.outlet,WGS84,outlet,1927890,2346,300,290621.5,5097670.5,8.856100082397461,46.95192471577515,Red (> 50%) cloud cover,20200816_152317,LIRO,EPSG:32616,2020-08-16,NEON_D05_LIRO_DP1_20200816_L005-1_radiance,15.36872100830078,L005-1
D05,LIRO,LIRO.AOS.buoy.c0,WGS84,buoy.c0,2134972,2598,238,290559.5,5097418.5,11.535748481750488,46.95192471577515,Red (> 50%) cloud cover,20200816_152317,LIRO,EPSG:32616,2020-08-16,NEON_D05_LIRO_DP1_20200816_L005-1_radiance,15.367165565490724,L005-1
D05,LIRO,LIRO.AOS.buoy.c1,WGS84,buoy.c1,2134972,2598,238,290559.5,5097418.5,11.535748481750488,46.95192471577515,Red (> 50%) cloud cover,20200816_152317,LIRO,EPSG:32616,2020-08-16,NEON_D05_LIRO_DP1_20200816_L005-1_radiance,15.367165565490724,L005-1
D05,LIRO,LIRO.AOS.buoy.c2,WGS84,buoy.c2,2134972,2598,238,290559.5,5097418.5,11.535748481750488,46.95192471577515,Red (> 50%) cloud cover,20200816_152317,LIRO,EPSG:32616,2020-08-16,NEON_D05_LIRO_DP1_20200816_L005-1_radiance,15.367165565490724,L005-1
D05,LIRO,LIRO.AOS.outlet,WGS84,outlet,2387595,2449,795,290621.5,5097670.5,15.285711288452148,46.4399492238969,Red (> 50%) cloud cover,20200816_152652,LIRO,EPSG:32616,2020-08-16,NEON_D05_LIRO_DP1_20200816_L006-1_radiance,15.427266120910645,L006-1
D05,LIRO,LIRO.AOS.inlet,WGS84,inlet,2966537,3043,587,290413.5,5097076.5,5.049342632293701,46.4399492238969,Red (> 50%) cloud cover,20200816_152652,LIRO,EPSG:32616,2020-08-16,NEON_D05_LIRO_DP1_20200816_L006-1_radiance,15.430599212646484,L006-1
D05,LIRO,LIRO.AOS.buoy.c0,WGS84,buoy.c0,2633233,2701,733,290559.5,5097418.5,12.495824813842772,46.4399492238969,Red (> 50%) cloud cover,20200816_152652,LIRO,EPSG:32616,2020-08-16,NEON_D05_LIRO_DP1_20200816_L006-1_radiance,15.42866325378418,L006-1
D05,LIRO,LIRO.AOS.buoy.c1,WGS84,buoy.c1,2633233,2701,733,290559.5,5097418.5,12.495824813842772,46.4399492238969,Red (> 50%) cloud cover,20200816_152652,LIRO,EPSG:32616,2020-08-16,NEON_D05_LIRO_DP1_20200816_L006-1_radiance,15.42866325378418,L006-1
D05,LIRO,LIRO.AOS.buoy.c2,WGS84,buoy.c2,2633233,2701,733,290559.5,5097418.5,12.495824813842772,46.4399492238969,Red (> 50%) cloud cover,20200816_152652,LIRO,EPSG:32616,2020-08-16,NEON_D05_LIRO_DP1_20200816_L006-1_radiance,15.42866325378418,L006-1
D09,PRLA,PRLA.AOS.buoy.c0,WGS84,buoy.c0,7785765,582,12566,491000.5,5222920.5,8.057340621948242,36.55315572342637,Yellow (10 - 50%) cloud cover,20170621_205644,WOOD,EPSG:32614,2017-06-21,NEON_D09_WOOD_DP1_20170621_L001-1_radiance,20.97466468811035,L001-1
D09,PRLA,PRLA.AOS.inlet,WGS84,inlet,8722636,652,12907,491341.5,5222850.5,4.546860694885254,36.55315572342637,Yellow (10 - 50%) cloud cover,20170621_205644,WOOD,EPSG:32614,2017-06-21,NEON_D09_WOOD_DP1_20170621_L001-1_radiance,20.97171211242676,L001-1
D09,PRLA,PRLA.AOS.outlet,WGS84,outlet,6099899,456,12454,490888.5,5223046.5,12.354792594909668,36.55315572342637,Yellow (10 - 50%) cloud cover,20170621_205644,WOOD,EPSG:32614,2017-06-21,NEON_D09_WOOD_DP1_20170621_L001-1_radiance,20.97542381286621,L001-1
D09,PRLA,PRLA.AOS.reach,WGS84,reach,8146990,609,12558,490992.5,5222893.5,7.04755163192749,36.55315572342637,Yellow (10 - 50%) cloud cover,20170621_205644,WOOD,EPSG:32614,2017-06-21,NEON_D09_WOOD_DP1_20170621_L001-1_radiance,20.97467613220215,L001-1
D09,PRLA,PRLA.AOS.buoy.c1,WGS84,buoy.c1,7785765,582,12566,491000.5,5222920.5,8.057340621948242,36.55315572342637,Yellow (10 - 50%) cloud cover,20170621_205644,WOOD,EPSG:32614,2017-06-21,NEON_D09_WOOD_DP1_20170621_L001-1_radiance,20.97466468811035,L001-1
D09,PRLA,PRLA.AOS.buoy.c0,WGS84,buoy.c0,11915431,486,16926,491000.5,5222920.5,3.0053529739379883,49.71098789278397,Green (<10%) cloud cover,20190726_151709,WOOD,EPSG:32614,2019-07-26,NA,NA,NA
D09,PRLA,PRLA.AOS.inlet,WGS84,inlet,13633082,556,17267,491341.5,5222850.5,6.525217056274414,49.71098789278397,Green (<10%) cloud cover,20190726_151709,WOOD,EPSG:32614,2019-07-26,NA,NA,NA
D09,PRLA,PRLA.AOS.outlet,WGS84,outlet,8824161,360,16814,490888.5,5223046.5,4.637129783630371,49.71098789278397,Green (<10%) cloud cover,20190726_151709,WOOD,EPSG:32614,2019-07-26,NA,NA,NA
D09,PRLA,PRLA.AOS.reach,WGS84,reach,12577814,513,16918,490992.5,5222893.5,4.431024074554443,49.71098789278397,Green (<10%) cloud cover,20190726_151709,WOOD,EPSG:32614,2019-07-26,NA,NA,NA
D09,PRLA,PRLA.AOS.buoy.c1,WGS84,buoy.c1,11915431,486,16926,491000.5,5222920.5,3.0053529739379883,49.71098789278397,Green (<10%) cloud cover,20190726_151709,WOOD,EPSG:32614,2019-07-26,NA,NA,NA
D09,PRLA,PRLA.AOS.buoy.c0,WGS84,buoy.c0,6370817,6721,257,491000.5,5222920.5,12.678939819335938,39.87219025582482,Green (<10%) cloud cover,20190726_162146,WOOD,EPSG:32614,2019-07-26,NEON_D09_WOOD_DP1_20190726_L017-1_radiance,16.36990737915039,L017-1
D09,PRLA,PRLA.AOS.inlet,WGS84,inlet,6437518,6791,598,491341.5,5222850.5,7.927023410797119,39.87219025582482,Green (<10%) cloud cover,20190726_162146,WOOD,EPSG:32614,2019-07-26,NEON_D09_WOOD_DP1_20190726_L017-1_radiance,16.368694305419922,L017-1
D09,PRLA,PRLA.AOS.reach,WGS84,reach,6396405,6748,249,490992.5,5222893.5,13.197504997253418,39.87219025582482,Green (<10%) cloud cover,20190726_162146,WOOD,EPSG:32614,2019-07-26,NEON_D09_WOOD_DP1_20190726_L017-1_radiance,16.36978530883789,L017-1
D09,PRLA,PRLA.AOS.buoy.c1,WGS84,buoy.c1,6370817,6721,257,491000.5,5222920.5,12.678939819335938,39.87219025582482,Green (<10%) cloud cover,20190726_162146,WOOD,EPSG:32614,2019-07-26,NEON_D09_WOOD_DP1_20190726_L017-1_radiance,16.36990737915039,L017-1
D09,PRLA,PRLA.AOS.outlet,WGS84,outlet,6198561,6903,565,490888.5,5223046.5,8.960389137268066,38.72417289659522,Green (<10%) cloud cover,20190726_163004,WOOD,EPSG:32614,2019-07-26,NEON_D09_WOOD_DP1_20190726_L018-1_radiance,16.50609588623047,L018-1
D09,PRLA,PRLA.AOS.reach,WGS84,reach,6336059,7056,669,490992.5,5222893.5,15.147109031677246,38.72417289659522,Green (<10%) cloud cover,20190726_163004,WOOD,EPSG:32614,2019-07-26,NEON_D09_WOOD_DP1_20190726_L018-1_radiance,16.506649017333984,L018-1
D09,PRLA,PRLA.AOS.buoy.c0,WGS84,buoy.c0,16295558,676,16583,491000.5,5222920.5,3.83862566947937,48.787458449187085,Green (<10%) cloud cover,20190727_152346,WOOD,EPSG:32614,2019-07-27,NEON_D09_WOOD_DP1_20190727_L001-1_radiance,15.451248168945312,L001-1
D09,PRLA,PRLA.AOS.inlet,WGS84,inlet,17984089,746,16924,491341.5,5222850.5,7.097312927246094,48.787458449187085,Green (<10%) cloud cover,20190727_152346,WOOD,EPSG:32614,2019-07-27,NEON_D09_WOOD_DP1_20190727_L001-1_radiance,15.452839851379396,L001-1
D09,PRLA,PRLA.AOS.outlet,WGS84,outlet,13256704,550,16471,490888.5,5223046.5,3.0205235481262207,48.787458449187085,Green (<10%) cloud cover,20190727_152346,WOOD,EPSG:32614,2019-07-27,NEON_D09_WOOD_DP1_20190727_L001-1_radiance,15.450761795043944,L001-1
D09,PRLA,PRLA.AOS.reach,WGS84,reach,16946709,703,16575,490992.5,5222893.5,5.3732075691223145,48.787458449187085,Green (<10%) cloud cover,20190727_152346,WOOD,EPSG:32614,2019-07-27,NEON_D09_WOOD_DP1_20190727_L001-1_radiance,15.451189994812012,L001-1
D09,PRLA,PRLA.AOS.buoy.c1,WGS84,buoy.c1,16295558,676,16583,491000.5,5222920.5,3.83862566947937,48.787458449187085,Green (<10%) cloud cover,20190727_152346,WOOD,EPSG:32614,2019-07-27,NEON_D09_WOOD_DP1_20190727_L001-1_radiance,15.451248168945312,L001-1
D09,PRLA,PRLA.AOS.buoy.c0,WGS84,buoy.c0,12059783,491,17053,491000.5,5222920.5,1.231030821800232,48.14492880210914,Yellow (10 - 50%) cloud cover,20190730_153032,WOOD,EPSG:32614,2019-07-30,NEON_D09_WOOD_DP1_20190730_L001-1_radiance,15.572430610656738,L001-1
D09,PRLA,PRLA.AOS.inlet,WGS84,inlet,13780514,561,17394,491341.5,5222850.5,5.119738578796387,48.14492880210914,Yellow (10 - 50%) cloud cover,20190730_153032,WOOD,EPSG:32614,2019-07-30,NEON_D09_WOOD_DP1_20190730_L001-1_radiance,15.574347496032717,L001-1
D09,PRLA,PRLA.AOS.outlet,WGS84,outlet,8962969,365,16941,490888.5,5223046.5,5.712438106536865,48.14492880210914,Yellow (10 - 50%) cloud cover,20190730_153032,WOOD,EPSG:32614,2019-07-30,NEON_D09_WOOD_DP1_20190730_L001-1_radiance,15.571758270263672,L001-1
D09,PRLA,PRLA.AOS.reach,WGS84,reach,12723354,518,17045,490992.5,5222893.5,2.741444826126098,48.14492880210914,Yellow (10 - 50%) cloud cover,20190730_153032,WOOD,EPSG:32614,2019-07-30,NEON_D09_WOOD_DP1_20190730_L001-1_radiance,15.572394371032717,L001-1
D09,PRLA,PRLA.AOS.buoy.c1,WGS84,buoy.c1,12059783,491,17053,491000.5,5222920.5,1.231030821800232,48.14492880210914,Yellow (10 - 50%) cloud cover,20190730_153032,WOOD,EPSG:32614,2019-07-30,NEON_D09_WOOD_DP1_20190730_L001-1_radiance,15.572430610656738,L001-1
D09,PRLA,PRLA.AOS.buoy.c0,WGS84,buoy.c0,5449755,6442,669,491000.5,5222920.5,13.43766975402832,36.73748739116629,Green (<10%) cloud cover,20200624_161319,WOOD,EPSG:32614,2020-06-24,NEON_D09_WOOD_DP1_20200624_L018-1_radiance,16.31230354309082,L018-1
D09,PRLA,PRLA.AOS.outlet,WGS84,outlet,5343047,6316,557,490888.5,5223046.5,7.610476016998291,36.73748739116629,Green (<10%) cloud cover,20200624_161319,WOOD,EPSG:32614,2020-06-24,NEON_D09_WOOD_DP1_20200624_L018-1_radiance,16.313108444213867,L018-1
D09,PRLA,PRLA.AOS.reach,WGS84,reach,5472589,6469,661,490992.5,5222893.5,13.054816246032717,36.73748739116629,Green (<10%) cloud cover,20200624_161319,WOOD,EPSG:32614,2020-06-24,NEON_D09_WOOD_DP1_20200624_L018-1_radiance,16.312122344970703,L018-1
D09,PRLA,PRLA.AOS.buoy.c1,WGS84,buoy.c1,5449755,6442,669,491000.5,5222920.5,13.43766975402832,36.73748739116629,Green (<10%) cloud cover,20200624_161319,WOOD,EPSG:32614,2020-06-24,NEON_D09_WOOD_DP1_20200624_L018-1_radiance,16.31230354309082,L018-1
D09,PRLA,PRLA.AOS.buoy.c0,WGS84,buoy.c0,6021326,6736,236,491000.5,5222920.5,9.988993644714355,35.64215133899439,Green (<10%) cloud cover,20200624_162051,WOOD,EPSG:32614,2020-06-24,NEON_D09_WOOD_DP1_20200624_L017-1_radiance,16.437692642211914,L017-1
D09,PRLA,PRLA.AOS.inlet,WGS84,inlet,6084247,6806,577,491341.5,5222850.5,9.826641082763672,35.64215133899439,Green (<10%) cloud cover,20200624_162051,WOOD,EPSG:32614,2020-06-24,NEON_D09_WOOD_DP1_20200624_L017-1_radiance,16.43809700012207,L017-1
D09,PRLA,PRLA.AOS.reach,WGS84,reach,6045456,6763,228,490992.5,5222893.5,10.40961742401123,35.64215133899439,Green (<10%) cloud cover,20200624_162051,WOOD,EPSG:32614,2020-06-24,NEON_D09_WOOD_DP1_20200624_L017-1_radiance,16.43781089782715,L017-1
D09,PRLA,PRLA.AOS.buoy.c1,WGS84,buoy.c1,6021326,6736,236,491000.5,5222920.5,9.988993644714355,35.64215133899439,Green (<10%) cloud cover,20200624_162051,WOOD,EPSG:32614,2020-06-24,NEON_D09_WOOD_DP1_20200624_L017-1_radiance,16.437692642211914,L017-1
D09,PRLA,PRLA.AOS.inlet,WGS84,inlet,7177100,6634,194,491341.5,5222850.5,14.68515682220459,34.57377300857884,Green (<10%) cloud cover,20200624_162804,WOOD,EPSG:32614,2020-06-24,NEON_D09_WOOD_DP1_20200624_L016-1_radiance,16.5563907623291,L016-1
D09,PRLA,PRLA.AOS.buoy.c0,WGS84,buoy.c0,10482820,479,14142,491000.5,5222920.5,1.1275063753128052,26.833836418706287,Green (<10%) cloud cover,20200624_173036,WOOD,EPSG:32614,2020-06-24,NEON_D09_WOOD_DP1_20200624_L001-1_radiance,17.607770919799805,L001-1
D09,PRLA,PRLA.AOS.inlet,WGS84,inlet,12016231,549,14483,491341.5,5222850.5,5.014928817749023,26.833836418706287,Green (<10%) cloud cover,20200624_173036,WOOD,EPSG:32614,2020-06-24,NEON_D09_WOOD_DP1_20200624_L001-1_radiance,17.60590934753418,L001-1
D09,PRLA,PRLA.AOS.outlet,WGS84,outlet,7723182,353,14030,490888.5,5223046.5,6.706510543823242,26.833836418706287,Green (<10%) cloud cover,20200624_173036,WOOD,EPSG:32614,2020-06-24,NEON_D09_WOOD_DP1_20200624_L001-1_radiance,17.60833740234375,L001-1
D09,PRLA,PRLA.AOS.reach,WGS84,reach,11074139,506,14134,490992.5,5222893.5,2.1175804138183594,26.833836418706287,Green (<10%) cloud cover,20200624_173036,WOOD,EPSG:32614,2020-06-24,NEON_D09_WOOD_DP1_20200624_L001-1_radiance,17.60780143737793,L001-1
D09,PRLA,PRLA.AOS.buoy.c1,WGS84,buoy.c1,10482820,479,14142,491000.5,5222920.5,1.1275063753128052,26.833836418706287,Green (<10%) cloud cover,20200624_173036,WOOD,EPSG:32614,2020-06-24,NEON_D09_WOOD_DP1_20200624_L001-1_radiance,17.607770919799805,L001-1
D09,PRLA,PRLA.AOS.buoy.c0,WGS84,buoy.c0,4179642,499,2916,491000.5,5222920.5,3.066519975662231,25.728880051238857,Red (> 50%) cloud cover,20200626_192243,WOOD,EPSG:32614,2020-06-26,NEON_D09_WOOD_DP1_20200626_L001-2_radiance,19.468372344970703,L001-2
D09,PRLA,PRLA.AOS.inlet,WGS84,inlet,4767073,569,3257,491341.5,5222850.5,7.324717998504639,25.728880051238857,Red (> 50%) cloud cover,20200626_192243,WOOD,EPSG:32614,2020-06-26,NEON_D09_WOOD_DP1_20200626_L001-2_radiance,19.465993881225582,L001-2
D09,PRLA,PRLA.AOS.outlet,WGS84,outlet,3122768,373,2804,490888.5,5223046.5,5.920003890991211,25.728880051238857,Red (> 50%) cloud cover,20200626_192243,WOOD,EPSG:32614,2020-06-26,NEON_D09_WOOD_DP1_20200626_L001-2_radiance,19.469511032104492,L001-2
D09,PRLA,PRLA.AOS.reach,WGS84,reach,4406083,526,2908,490992.5,5222893.5,4.439116477966309,25.728880051238857,Red (> 50%) cloud cover,20200626_192243,WOOD,EPSG:32614,2020-06-26,NEON_D09_WOOD_DP1_20200626_L001-2_radiance,19.46840476989746,L001-2
D09,PRLA,PRLA.AOS.buoy.c1,WGS84,buoy.c1,4179642,499,2916,491000.5,5222920.5,3.066519975662231,25.728880051238857,Red (> 50%) cloud cover,20200626_192243,WOOD,EPSG:32614,2020-06-26,NEON_D09_WOOD_DP1_20200626_L001-2_radiance,19.468372344970703,L001-2
D09,PRLA,PRLA.AOS.buoy.c0,WGS84,buoy.c0,5652513,430,12879,491000.5,5222920.5,7.972919464111328,29.60469826299193,Green (<10%) cloud cover,20200702_171105,WOOD,EPSG:32614,2020-07-02,NEON_D09_WOOD_DP1_20200702_L001-1_radiance,17.23627471923828,L001-1
D09,PRLA,PRLA.AOS.outlet,WGS84,outlet,3996005,304,12767,490888.5,5223046.5,1.8188880681991575,29.60469826299193,Green (<10%) cloud cover,20200702_171105,WOOD,EPSG:32614,2020-07-02,NEON_D09_WOOD_DP1_20200702_L001-1_radiance,17.236282348632812,L001-1
D09,PRLA,PRLA.AOS.reach,WGS84,reach,6007447,457,12871,490992.5,5222893.5,9.396309852600098,29.60469826299193,Green (<10%) cloud cover,20200702_171105,WOOD,EPSG:32614,2020-07-02,NEON_D09_WOOD_DP1_20200702_L001-1_radiance,17.236509323120117,L001-1
D09,PRLA,PRLA.AOS.buoy.c1,WGS84,buoy.c1,5652513,430,12879,491000.5,5222920.5,7.972919464111328,29.60469826299193,Green (<10%) cloud cover,20200702_171105,WOOD,EPSG:32614,2020-07-02,NEON_D09_WOOD_DP1_20200702_L001-1_radiance,17.23627471923828,L001-1
D09,PRPO,PRPO.AOS.buoy.c0,WGS84,buoy.c0,10968157,11607,487,480775.5,5219718.5,7.751789093017578,40.84727782612089,Green (<10%) cloud cover,20170619_154940,WOOD,EPSG:32614,2017-06-19,NEON_D09_WOOD_DP1_20170619_L042-1_radiance,15.9134521484375,L042-1
D09,PRPO,PRPO.AOS.inlet,WGS84,inlet,11074850,11720,395,480683.5,5219605.5,3.1093432903289795,40.84727782612089,Green (<10%) cloud cover,20170619_154940,WOOD,EPSG:32614,2017-06-19,NEON_D09_WOOD_DP1_20170619_L042-1_radiance,15.914007186889648,L042-1
D09,PRPO,PRPO.AOS.buoy.c0,WGS84,buoy.c0,10661675,12298,176,480775.5,5219718.5,15.03902530670166,23.74727784138359,Red (> 50%) cloud cover,20170621_183544,WOOD,EPSG:32614,2017-06-21,NEON_D09_WOOD_DP1_20170621_L041-1_radiance,18.68217086791992,L041-1
D09,PRPO,PRPO.AOS.outlet,WGS84,outlet,10621996,12252,379,480978.5,5219764.5,4.664628982543945,23.74727784138359,Red (> 50%) cloud cover,20170621_183544,WOOD,EPSG:32614,2017-06-21,NEON_D09_WOOD_DP1_20170621_L041-1_radiance,18.681659698486328,L041-1
D09,PRPO,PRPO.AOS.outlet,WGS84,outlet,10800439,12722,310,480978.5,5219764.5,4.6264424324035645,36.798280933889366,Green (<10%) cloud cover,20190730_164923,WOOD,EPSG:32614,2019-07-30,NEON_D09_WOOD_DP1_20190730_L041-1_radiance,16.868528366088867,L041-1
D09,PRPO,PRPO.AOS.buoy.c0,WGS84,buoy.c0,9548647,11862,542,480775.5,5219718.5,8.586602210998535,35.61046704269677,Green (<10%) cloud cover,20190730_165932,WOOD,EPSG:32614,2019-07-30,NEON_D09_WOOD_DP1_20190730_L042-1_radiance,16.990623474121094,L042-1
D09,PRPO,PRPO.AOS.inlet,WGS84,inlet,9639520,11975,450,480683.5,5219605.5,3.739548683166504,35.61046704269677,Green (<10%) cloud cover,20190730_165932,WOOD,EPSG:32614,2019-07-30,NEON_D09_WOOD_DP1_20190730_L042-1_radiance,16.990039825439453,L042-1
D09,PRPO,PRPO.AOS.buoy.c0,WGS84,buoy.c0,9846687,11571,617,480775.5,5219718.5,9.11580753326416,42.54511389602676,Green (<10%) cloud cover,20200624_153559,WOOD,EPSG:32614,2020-06-24,NEON_D09_WOOD_DP1_20200624_L042-1_radiance,15.684622764587402,L042-1
D09,PRPO,PRPO.AOS.inlet,WGS84,inlet,9942758,11684,525,480683.5,5219605.5,4.361649036407471,42.54511389602676,Green (<10%) cloud cover,20200624_153559,WOOD,EPSG:32614,2020-06-24,NEON_D09_WOOD_DP1_20200624_L042-1_radiance,15.684042930603027,L042-1
D09,PRPO,PRPO.AOS.buoy.c0,WGS84,buoy.c0,10649581,12442,85,480775.5,5219718.5,15.15418529510498,41.09099711956855,Green (<10%) cloud cover,20200624_154504,WOOD,EPSG:32614,2020-06-24,NEON_D09_WOOD_DP1_20200624_L041-1_radiance,15.874876022338867,L041-1
D09,PRPO,PRPO.AOS.outlet,WGS84,outlet,10610408,12396,288,480978.5,5219764.5,4.136529922485352,41.09099711956855,Green (<10%) cloud cover,20200624_154504,WOOD,EPSG:32614,2020-06-24,NEON_D09_WOOD_DP1_20200624_L041-1_radiance,15.874711990356444,L041-1
D03,SUGG,SUGG.AOS.buoy.c0,WGS84,buoy.c0,6631165,505,3061,401574.5,3284663.5,7.71418571472168,46.446282562472035,Green (<10%) cloud cover,20140507_140657,OSBS,EPSG:32617,2014-05-07,NEON_D03_OSBS_DP1_20140507_L001-1_radiance,14.167866706848145,L001-1
D03,SUGG,SUGG.AOS.outlet,WGS84,outlet,7393605,563,2743,401256.5,3284605.5,10.103779792785645,46.446282562472035,Green (<10%) cloud cover,20140507_140657,OSBS,EPSG:32617,2014-05-07,NEON_D03_OSBS_DP1_20140507_L001-1_radiance,14.169464111328123,L001-1
D03,SUGG,SUGG.AOS.buoy.c0,WGS84,buoy.c0,5336534,6170,349,401574.5,3284663.5,5.045778274536133,26.724552095212516,Green (<10%) cloud cover,20140507_154018,OSBS,EPSG:32617,2014-05-07,NEON_D03_OSBS_DP1_20140507_L021-1_radiance,15.702272415161133,L021-1
D03,SUGG,SUGG.AOS.inlet,WGS84,inlet,5628795,6508,240,401465.5,3284325.5,10.925848960876465,26.724552095212516,Green (<10%) cloud cover,20140507_154018,OSBS,EPSG:32617,2014-05-07,NEON_D03_OSBS_DP1_20140507_L021-1_radiance,15.70405101776123,L021-1
D03,SUGG,SUGG.AOS.inlet,WGS84,inlet,4712580,5644,675,401465.5,3284325.5,13.137755393981934,25.19679890406319,Green (<10%) cloud cover,20140507_154756,OSBS,EPSG:32617,2014-05-07,NEON_D03_OSBS_DP1_20140507_L022-1_radiance,15.847134590148926,L022-1
D03,SUGG,SUGG.AOS.outlet,WGS84,outlet,4478571,5364,466,401256.5,3284605.5,2.404723644256592,25.19679890406319,Green (<10%) cloud cover,20140507_154756,OSBS,EPSG:32617,2014-05-07,NEON_D03_OSBS_DP1_20140507_L022-1_radiance,15.848509788513184,L022-1
D03,SUGG,SUGG.AOS.buoy.c0,WGS84,buoy.c0,6745922,519,3116,401574.5,3284663.5,6.981215000152588,33.89614103908431,Yellow (10 - 50%) cloud cover,20140520_145919,OSBS,EPSG:32617,2014-05-20,NEON_D03_OSBS_DP1_20140520_L001-1_radiance,15.0332670211792,L001-1
D03,SUGG,SUGG.AOS.outlet,WGS84,outlet,7500590,577,2798,401256.5,3284605.5,10.38925552368164,33.89614103908431,Yellow (10 - 50%) cloud cover,20140520_145919,OSBS,EPSG:32617,2014-05-20,NEON_D03_OSBS_DP1_20140520_L001-1_radiance,15.035015106201172,L001-1
D03,SUGG,SUGG.AOS.inlet,WGS84,inlet,5605908,6429,692,401465.5,3284325.5,12.750651359558104,28.345318339885377,Yellow (10 - 50%) cloud cover,20140520_152515,OSBS,EPSG:32617,2014-05-20,NEON_D03_OSBS_DP1_20140520_L022-1_radiance,15.446247100830078,L022-1
D03,SUGG,SUGG.AOS.outlet,WGS84,outlet,5361539,6149,483,401256.5,3284605.5,3.6974494457244873,28.345318339885377,Yellow (10 - 50%) cloud cover,20140520_152515,OSBS,EPSG:32617,2014-05-20,NEON_D03_OSBS_DP1_20140520_L022-1_radiance,15.444989204406738,L022-1
D03,SUGG,SUGG.AOS.buoy.c0,WGS84,buoy.c0,4919282,5336,412,401574.5,3284663.5,4.000842094421387,26.46360643861854,Yellow (10 - 50%) cloud cover,20140520_153408,OSBS,EPSG:32617,2014-05-20,NEON_D03_OSBS_DP1_20140520_L021-1_radiance,15.610268592834473,L021-1
D03,SUGG,SUGG.AOS.inlet,WGS84,inlet,5230809,5674,303,401465.5,3284325.5,10.23256492614746,26.46360643861854,Yellow (10 - 50%) cloud cover,20140520_153408,OSBS,EPSG:32617,2014-05-20,NEON_D03_OSBS_DP1_20140520_L021-1_radiance,15.608363151550291,L021-1
D03,SUGG,SUGG.AOS.buoy.c0,WGS84,buoy.c0,6957022,538,3946,401574.5,3284663.5,6.2374186515808105,16.437067924128296,Red (> 50%) cloud cover,20140520_162436,OSBS,EPSG:32617,2014-05-20,NEON_D03_OSBS_DP1_20140520_L001-2_radiance,16.42281150817871,L001-2
D03,SUGG,SUGG.AOS.outlet,WGS84,outlet,7707688,596,3628,401256.5,3284605.5,9.411876678466797,16.437067924128296,Red (> 50%) cloud cover,20140520_162436,OSBS,EPSG:32617,2014-05-20,NEON_D03_OSBS_DP1_20140520_L001-2_radiance,16.421144485473633,L001-2
D03,SUGG,SUGG.AOS.buoy.c0,WGS84,buoy.c0,8669375,668,3044,401574.5,3284663.5,8.0595855712890625,33.0687526586659,Red (> 50%) cloud cover,20170927_163135,OSBS,EPSG:32617,2017-09-27,NEON_D03_OSBS_DP1_20170927_L001-1_radiance,16.631877899169922,L001-1
D03,SUGG,SUGG.AOS.outlet,WGS84,outlet,9422651,726,2726,401256.5,3284605.5,11.277270317077637,33.0687526586659,Red (> 50%) cloud cover,20170927_163135,OSBS,EPSG:32617,2017-09-27,NEON_D03_OSBS_DP1_20170927_L001-1_radiance,16.63373565673828,L001-1
D03,SUGG,SUGG.AOS.buoy.c0,WGS84,buoy.c0,5580027,5637,387,401574.5,3284663.5,5.275742530822754,31.345003366969163,Red (> 50%) cloud cover,20170927_171031,OSBS,EPSG:32617,2017-09-27,NEON_D03_OSBS_DP1_20170927_L021-1_radiance,17.256540298461914,L021-1
D03,SUGG,SUGG.AOS.inlet,WGS84,inlet,5914538,5975,278,401465.5,3284325.5,10.729028701782228,31.345003366969163,Red (> 50%) cloud cover,20170927_171031,OSBS,EPSG:32617,2017-09-27,NEON_D03_OSBS_DP1_20170927_L021-1_radiance,17.258506774902344,L021-1
D03,SUGG,SUGG.AOS.inlet,WGS84,inlet,6456220,5595,744,401465.5,3284325.5,14.308011054992676,31.315631599594,Red (> 50%) cloud cover,20170927_171735,OSBS,EPSG:32617,2017-09-27,NEON_D03_OSBS_DP1_20170927_L022-1_radiance,17.390207290649414,L022-1
D03,SUGG,SUGG.AOS.outlet,WGS84,outlet,6132891,5315,535,401256.5,3284605.5,5.151235103607178,31.315631599594,Red (> 50%) cloud cover,20170927_171735,OSBS,EPSG:32617,2017-09-27,NEON_D03_OSBS_DP1_20170927_L022-1_radiance,17.391639709472656,L022-1
D03,SUGG,SUGG.AOS.buoy.c0,WGS84,buoy.c0,4310773,5389,373,401574.5,3284663.5,5.103891372680664,33.01394913497364,Red (> 50%) cloud cover,20180915_155817,OSBS,EPSG:32617,2018-09-15,NEON_D03_OSBS_DP1_20180915_L021-1_radiance,16.033864974975586,L021-1
D03,SUGG,SUGG.AOS.inlet,WGS84,inlet,4581064,5727,264,401465.5,3284325.5,10.484949111938477,33.01394913497364,Red (> 50%) cloud cover,20180915_155817,OSBS,EPSG:32617,2018-09-15,NEON_D03_OSBS_DP1_20180915_L021-1_radiance,16.031837463378906,L021-1
D03,SUGG,SUGG.AOS.buoy.c0,WGS84,buoy.c0,6196949,491,3349,401574.5,3284663.5,6.397000312805176,59.61006088513472,Green (<10%) cloud cover,20181005_134947,OSBS,EPSG:32617,2018-10-05,NEON_D03_OSBS_DP1_20181005_L001-1_radiance,13.871588706970217,L001-1
D03,SUGG,SUGG.AOS.outlet,WGS84,outlet,6929751,549,3031,401256.5,3284605.5,9.334290504455566,59.61006088513472,Green (<10%) cloud cover,20181005_134947,OSBS,EPSG:32617,2018-10-05,NEON_D03_OSBS_DP1_20181005_L001-1_radiance,13.869866371154783,L001-1
D03,SUGG,SUGG.AOS.buoy.c0,WGS84,buoy.c0,4858621,5503,355,401574.5,3284663.5,5.210586071014404,37.739569029938714,Green (<10%) cloud cover,20181012_174055,OSBS,EPSG:32617,2018-10-12,NEON_D03_OSBS_DP1_20181012_L021-1_radiance,17.742958068847656,L021-1
D03,SUGG,SUGG.AOS.inlet,WGS84,inlet,5156966,5841,246,401465.5,3284325.5,11.013489723205566,37.739569029938714,Green (<10%) cloud cover,20181012_174055,OSBS,EPSG:32617,2018-10-12,NEON_D03_OSBS_DP1_20181012_L021-1_radiance,17.741188049316406,L021-1
D03,SUGG,SUGG.AOS.inlet,WGS84,inlet,4996313,5906,683,401465.5,3284325.5,13.423319816589355,38.18422896733305,Green (<10%) cloud cover,20181012_174934,OSBS,EPSG:32617,2018-10-12,NEON_D03_OSBS_DP1_20181012_L022-1_radiance,17.871246337890625,L022-1
D03,SUGG,SUGG.AOS.outlet,WGS84,outlet,4759224,5626,474,401256.5,3284605.5,1.9097920656204224,38.18422896733305,Green (<10%) cloud cover,20181012_174934,OSBS,EPSG:32617,2018-10-12,NEON_D03_OSBS_DP1_20181012_L022-1_radiance,17.869935989379883,L022-1
D08,TOMB,TOMB.AOS.buoy.c0,WGS84,buoy.c0,2597923,2809,523,390510.5,3524816.5,0.7621936202049255,20.92546987184012,Red (> 50%) cloud cover,20170517_190309,LENO,EPSG:32616,2017-05-17,NEON_D08_LENO_DP1_20170517_L006-1_radiance,19.1051025390625,L006-1
D08,TOMB,TOMB.AOS.buoy.c2,WGS84,buoy.c2,2597923,2809,523,390510.5,3524816.5,0.7621936202049255,20.92546987184012,Red (> 50%) cloud cover,20170517_190309,LENO,EPSG:32616,2017-05-17,NEON_D08_LENO_DP1_20170517_L006-1_radiance,19.1051025390625,L006-1
D08,TOMB,TOMB.AOS.buoy.c0,WGS84,buoy.c0,3175102,3882,444,390510.5,3524816.5,2.10892653465271,36.70070989292814,Green (<10%) cloud cover,20180428_152550,LENO,EPSG:32616,2018-04-28,NEON_D08_LENO_DP1_20180428_L006-1_radiance,15.482230186462402,L006-1
D08,TOMB,TOMB.AOS.buoy.c2,WGS84,buoy.c2,3175102,3882,444,390510.5,3524816.5,2.10892653465271,36.70070989292814,Green (<10%) cloud cover,20180428_152550,LENO,EPSG:32616,2018-04-28,NEON_D08_LENO_DP1_20180428_L006-1_radiance,15.482230186462402,L006-1
D08,TOMB,TOMB.AOS.buoy.c0,WGS84,buoy.c0,2629518,2783,528,390510.5,3524816.5,3.2325494289398193,16.199009700280676,Red (> 50%) cloud cover,20190506_181146,LENO,EPSG:32616,2019-05-06,NEON_D08_LENO_DP1_20190506_L006-1_radiance,18.23710060119629,L006-1
D08,TOMB,TOMB.AOS.buoy.c2,WGS84,buoy.c2,2629518,2783,528,390510.5,3524816.5,3.2325494289398193,16.199009700280676,Red (> 50%) cloud cover,20190506_181146,LENO,EPSG:32616,2019-05-06,NEON_D08_LENO_DP1_20190506_L006-1_radiance,18.23710060119629,L006-1
D08,TOMB,TOMB.AOS.buoy.c0,WGS84,buoy.c0,5900397,460,9591,390510.5,3524816.5,0.49924492835998535,21.117113432758185,Red (> 50%) cloud cover,20190506_185225,LENO,EPSG:32616,2019-05-06,NEON_D08_LENO_DP1_20190506_L001-2_radiance,18.88101577758789,L001-2
D08,TOMB,TOMB.AOS.buoy.c2,WGS84,buoy.c2,5900397,460,9591,390510.5,3524816.5,0.49924492835998535,21.117113432758185,Red (> 50%) cloud cover,20190506_185225,LENO,EPSG:32616,2019-05-06,NEON_D08_LENO_DP1_20190506_L001-2_radiance,18.88101577758789,L001-2
D18,TOOK,TOOK.AOS.buoy.c1,WGS84,buoy.c1,12337825,8059,1027,393835.5,7615437.5,13.614879608154297,49.86410964688748,Yellow (10 - 50%) cloud cover,20170714_201551,TOOL,EPSG:32606,2017-07-14,NEON_D18_TOOL_DP1_20170714_L043-1_radiance,20.310041427612305,L043-1
D18,TOOK,TOOK.AOS.buoy.c2,WGS84,buoy.c2,12337825,8059,1027,393835.5,7615437.5,13.614879608154297,49.86410964688748,Yellow (10 - 50%) cloud cover,20170714_201551,TOOL,EPSG:32606,2017-07-14,NEON_D18_TOOL_DP1_20170714_L043-1_radiance,20.310041427612305,L043-1
D18,TOOK,TOOK.AOS.buoy.c0,WGS84,buoy.c0,12337825,8059,1027,393835.5,7615437.5,13.614879608154297,49.86410964688748,Yellow (10 - 50%) cloud cover,20170714_201551,TOOL,EPSG:32606,2017-07-14,NEON_D18_TOOL_DP1_20170714_L043-1_radiance,20.310041427612305,L043-1
D18,TOOK,TOOK.AOS.buoy.c1,WGS84,buoy.c1,12612771,8610,586,393835.5,7615437.5,5.245848178863525,49.428339129900486,Yellow (10 - 50%) cloud cover,20170714_202447,TOOL,EPSG:32606,2017-07-14,NEON_D18_TOOL_DP1_20170714_L042-1_radiance,20.4481143951416,L042-1
D18,TOOK,TOOK.AOS.buoy.c2,WGS84,buoy.c2,12612771,8610,586,393835.5,7615437.5,5.245848178863525,49.428339129900486,Yellow (10 - 50%) cloud cover,20170714_202447,TOOL,EPSG:32606,2017-07-14,NEON_D18_TOOL_DP1_20170714_L042-1_radiance,20.4481143951416,L042-1
D18,TOOK,TOOK.AOS.buoy.c0,WGS84,buoy.c0,12612771,8610,586,393835.5,7615437.5,5.245848178863525,49.428339129900486,Yellow (10 - 50%) cloud cover,20170714_202447,TOOL,EPSG:32606,2017-07-14,NEON_D18_TOOL_DP1_20170714_L042-1_radiance,20.4481143951416,L042-1
D18,TOOK,TOOK.AOS.reach,WGS84,reach,12300910,8397,770,394019.5,7615650.5,4.03802490234375,49.428339129900486,Yellow (10 - 50%) cloud cover,20170714_202447,TOOL,EPSG:32606,2017-07-14,NEON_D18_TOOL_DP1_20170714_L042-1_radiance,20.446962356567383,L042-1
D18,TOOK,TOOK.AOS.outlet,WGS84,outlet,10714932,6999,994,394504.5,7616503.5,8.557273864746094,49.0358311800617,Yellow (10 - 50%) cloud cover,20170714_203317,TOOL,EPSG:32606,2017-07-14,NEON_D18_TOOL_DP1_20170714_L041-1_radiance,20.60655975341797,L041-1
D18,TOOK,TOOK.AOS.inlet,WGS84,inlet,13264006,8664,953,394463.5,7614838.5,9.98264503479004,49.0358311800617,Yellow (10 - 50%) cloud cover,20170714_203317,TOOL,EPSG:32606,2017-07-14,NEON_D18_TOOL_DP1_20170714_L041-1_radiance,20.59764862060547,L041-1
D18,TOOK,TOOK.AOS.reach,WGS84,reach,12020390,7852,509,394019.5,7615650.5,15.70216464996338,49.0358311800617,Yellow (10 - 50%) cloud cover,20170714_203317,TOOL,EPSG:32606,2017-07-14,NEON_D18_TOOL_DP1_20170714_L041-1_radiance,20.601715087890625,L041-1
D18,TOOK,TOOK.AOS.outlet,WGS84,outlet,11697179,7686,609,394504.5,7616503.5,10.276721954345703,48.68873243013428,Yellow (10 - 50%) cloud cover,20170714_204140,TOOL,EPSG:32606,2017-07-14,NEON_D18_TOOL_DP1_20170714_L040-1_radiance,20.725522994995117,L040-1
D18,TOOK,TOOK.AOS.inlet,WGS84,inlet,14231268,9351,568,394463.5,7614838.5,8.766003608703613,48.68873243013428,Yellow (10 - 50%) cloud cover,20170714_204140,TOOL,EPSG:32606,2017-07-14,NEON_D18_TOOL_DP1_20170714_L040-1_radiance,20.734188079833984,L040-1
D18,TOOK,TOOK.AOS.buoy.c1,WGS84,buoy.c1,12008322,7974,984,393835.5,7615437.5,13.067619323730469,49.20506795442109,Red (> 50%) cloud cover,20180707_200701,TOOL,EPSG:32606,2018-07-07,NEON_D18_TOOL_DP1_20180707_L043-1_radiance,20.17126846313477,L043-1
D18,TOOK,TOOK.AOS.buoy.c2,WGS84,buoy.c2,12008322,7974,984,393835.5,7615437.5,13.067619323730469,49.20506795442109,Red (> 50%) cloud cover,20180707_200701,TOOL,EPSG:32606,2018-07-07,NEON_D18_TOOL_DP1_20180707_L043-1_radiance,20.17126846313477,L043-1
D18,TOOK,TOOK.AOS.buoy.c0,WGS84,buoy.c0,12008322,7974,984,393835.5,7615437.5,13.067619323730469,49.20506795442109,Red (> 50%) cloud cover,20180707_200701,TOOL,EPSG:32606,2018-07-07,NEON_D18_TOOL_DP1_20180707_L043-1_radiance,20.17126846313477,L043-1
D18,TOOK,TOOK.AOS.buoy.c1,WGS84,buoy.c1,12274095,8322,620,393835.5,7615437.5,6.755097389221191,48.664621110200166,Red (> 50%) cloud cover,20180707_201743,TOOL,EPSG:32606,2018-07-07,NEON_D18_TOOL_DP1_20180707_L042-1_radiance,20.341466903686523,L042-1
D18,TOOK,TOOK.AOS.buoy.c2,WGS84,buoy.c2,12274095,8322,620,393835.5,7615437.5,6.755097389221191,48.664621110200166,Red (> 50%) cloud cover,20180707_201743,TOOL,EPSG:32606,2018-07-07,NEON_D18_TOOL_DP1_20180707_L042-1_radiance,20.341466903686523,L042-1
D18,TOOK,TOOK.AOS.buoy.c0,WGS84,buoy.c0,12274095,8322,620,393835.5,7615437.5,6.755097389221191,48.664621110200166,Red (> 50%) cloud cover,20180707_201743,TOOL,EPSG:32606,2018-07-07,NEON_D18_TOOL_DP1_20180707_L042-1_radiance,20.341466903686523,L042-1
D18,TOOK,TOOK.AOS.reach,WGS84,reach,11960104,8109,804,394019.5,7615650.5,6.507873058319092,48.664621110200166,Red (> 50%) cloud cover,20180707_201743,TOOL,EPSG:32606,2018-07-07,NEON_D18_TOOL_DP1_20180707_L042-1_radiance,20.34002113342285,L042-1
D18,TOOK,TOOK.AOS.outlet,WGS84,outlet,10206479,7143,561,394504.5,7616503.5,11.5092134475708,47.64760226879388,Red (> 50%) cloud cover,20180707_204103,TOOL,EPSG:32606,2018-07-07,NEON_D18_TOOL_DP1_20180707_L040-1_radiance,20.72237205505371,L040-1
D18,TOOK,TOOK.AOS.inlet,WGS84,inlet,12585723,8808,520,394463.5,7614838.5,9.565293312072754,47.64760226879388,Red (> 50%) cloud cover,20180707_204103,TOOL,EPSG:32606,2018-07-07,NEON_D18_TOOL_DP1_20180707_L040-1_radiance,20.732023239135746,L040-1
D18,TOOK,TOOK.AOS.outlet,WGS84,outlet,10180807,6815,691,394504.5,7616503.5,11.482330322265623,48.62500303485555,Red (> 50%) cloud cover,20190711_203112,TOOL,EPSG:32606,2019-07-11,NEON_D18_TOOL_DP1_20190711_L040-1_radiance,20.551860809326172,L040-1
D18,TOOK,TOOK.AOS.inlet,WGS84,inlet,12668276,8480,650,394463.5,7614838.5,8.552689552307129,48.62500303485555,Red (> 50%) cloud cover,20190711_203112,TOOL,EPSG:32606,2019-07-11,NEON_D18_TOOL_DP1_20190711_L040-1_radiance,20.541709899902344,L040-1
D18,TOOK,TOOK.AOS.outlet,WGS84,outlet,10775760,7085,996,394504.5,7616503.5,8.524478912353516,48.24743151798573,Red (> 50%) cloud cover,20190711_204033,TOOL,EPSG:32606,2019-07-11,NEON_D18_TOOL_DP1_20190711_L041-1_radiance,20.679826736450195,L041-1
D18,TOOK,TOOK.AOS.inlet,WGS84,inlet,13308184,8750,955,394463.5,7614838.5,10.359495162963867,48.24743151798573,Red (> 50%) cloud cover,20190711_204033,TOOL,EPSG:32606,2019-07-11,NEON_D18_TOOL_DP1_20190711_L041-1_radiance,20.68917465209961,L041-1
D18,TOOK,TOOK.AOS.buoy.c1,WGS84,buoy.c1,12047163,7942,666,393835.5,7615437.5,6.662822723388672,47.910146127591986,Red (> 50%) cloud cover,20190711_204910,TOOL,EPSG:32606,2019-07-11,NEON_D18_TOOL_DP1_20190711_L042-1_radiance,20.844568252563477,L042-1
D18,TOOK,TOOK.AOS.buoy.c2,WGS84,buoy.c2,12047163,7942,666,393835.5,7615437.5,6.662822723388672,47.910146127591986,Red (> 50%) cloud cover,20190711_204910,TOOL,EPSG:32606,2019-07-11,NEON_D18_TOOL_DP1_20190711_L042-1_radiance,20.844568252563477,L042-1
D18,TOOK,TOOK.AOS.buoy.c0,WGS84,buoy.c0,12047163,7942,666,393835.5,7615437.5,6.662822723388672,47.910146127591986,Red (> 50%) cloud cover,20190711_204910,TOOL,EPSG:32606,2019-07-11,NEON_D18_TOOL_DP1_20190711_L042-1_radiance,20.844568252563477,L042-1
D18,TOOK,TOOK.AOS.reach,WGS84,reach,11724226,7729,850,394019.5,7615650.5,2.5778398513793945,47.910146127591986,Red (> 50%) cloud cover,20190711_204910,TOOL,EPSG:32606,2019-07-11,NEON_D18_TOOL_DP1_20190711_L042-1_radiance,20.845964431762695,L042-1
D18,TOOK,TOOK.AOS.buoy.c1,WGS84,buoy.c1,12213215,8303,973,393835.5,7615437.5,14.732775688171388,47.632575317370595,Red (> 50%) cloud cover,20190711_205747,TOOL,EPSG:32606,2019-07-11,NEON_D18_TOOL_DP1_20190711_L043-1_radiance,20.97372055053711,L043-1
D18,TOOK,TOOK.AOS.buoy.c2,WGS84,buoy.c2,12213215,8303,973,393835.5,7615437.5,14.732775688171388,47.632575317370595,Red (> 50%) cloud cover,20190711_205747,TOOL,EPSG:32606,2019-07-11,NEON_D18_TOOL_DP1_20190711_L043-1_radiance,20.97372055053711,L043-1
D18,TOOK,TOOK.AOS.buoy.c0,WGS84,buoy.c0,12213215,8303,973,393835.5,7615437.5,14.732775688171388,47.632575317370595,Red (> 50%) cloud cover,20190711_205747,TOOL,EPSG:32606,2019-07-11,NEON_D18_TOOL_DP1_20190711_L043-1_radiance,20.97372055053711,L043-1
