domanID,siteID,nmdLctn,gdtcDtm,loctype,cellid,cellrow,cellcol,cellx,celly,radfile,aop_site,crs,gpstime_hrs
D03,BARC,BARC.AOS.inlet,WGS84,inlet,5630919,6407,45,402493.5,3283472.5,NEON_D03_OSBS_DP1_20140507_L018-1_radiance,OSBS,EPSG:32617,-9999
D03,BARC,BARC.AOS.buoy.c0,WGS84,buoy.c0,6366221,7386,351,402423.5,3283307.5,NEON_D03_OSBS_DP1_20140507_L019-1_radiance,OSBS,EPSG:32617,15.432674407958984
D03,BARC,BARC.AOS.inlet,WGS84,inlet,6224061,7221,421,402493.5,3283472.5,NEON_D03_OSBS_DP1_20140507_L019-1_radiance,OSBS,EPSG:32617,15.431862831115724
D03,BARC,BARC.AOS.outlet,WGS84,outlet,6484315,7523,351,402423.5,3283170.5,NEON_D03_OSBS_DP1_20140507_L019-1_radiance,OSBS,EPSG:32617,15.433438301086426
D03,BARC,BARC.AOS.buoy.c0,WGS84,buoy.c0,6194218,6632,864,402423.5,3283307.5,NEON_D03_OSBS_DP1_20140507_L020-1_radiance,OSBS,EPSG:32617,-9999
D03,BARC,BARC.AOS.inlet,WGS84,inlet,6040178,6467,934,402493.5,3283472.5,NEON_D03_OSBS_DP1_20140507_L020-1_radiance,OSBS,EPSG:32617,-9999
D03,BARC,BARC.AOS.outlet,WGS84,outlet,6322176,6769,864,402423.5,3283170.5,NEON_D03_OSBS_DP1_20140507_L020-1_radiance,OSBS,EPSG:32617,-9999
D03,BARC,BARC.AOS.inlet,WGS84,inlet,6940701,7369,45,402493.5,3283472.5,NEON_D03_OSBS_DP1_20140520_L018-1_radiance,OSBS,EPSG:32617,16.005043029785156
D03,BARC,BARC.AOS.buoy.c0,WGS84,buoy.c0,6726716,6576,491,402423.5,3283307.5,NEON_D03_OSBS_DP1_20140520_L019-1_radiance,OSBS,EPSG:32617,15.873550415039064
D03,BARC,BARC.AOS.inlet,WGS84,inlet,6557991,6411,561,402493.5,3283472.5,NEON_D03_OSBS_DP1_20140520_L019-1_radiance,OSBS,EPSG:32617,15.874533653259276
D03,BARC,BARC.AOS.outlet,WGS84,outlet,6866867,6713,491,402423.5,3283170.5,NEON_D03_OSBS_DP1_20140520_L019-1_radiance,OSBS,EPSG:32617,15.872716903686523
D03,BARC,BARC.AOS.buoy.c0,WGS84,buoy.c0,7103374,7446,844,402423.5,3283307.5,NEON_D03_OSBS_DP1_20140520_L020-1_radiance,OSBS,EPSG:32617,-9999
D03,BARC,BARC.AOS.inlet,WGS84,inlet,6946034,7281,914,402493.5,3283472.5,NEON_D03_OSBS_DP1_20140520_L020-1_radiance,OSBS,EPSG:32617,-9999
D03,BARC,BARC.AOS.outlet,WGS84,outlet,7234072,7583,844,402423.5,3283170.5,NEON_D03_OSBS_DP1_20140520_L020-1_radiance,OSBS,EPSG:32617,15.73557186126709
D03,BARC,BARC.AOS.buoy.c0,WGS84,buoy.c0,6589726,6664,19,402423.5,3283307.5,NEON_D03_OSBS_DP1_20170927_L018-1_radiance,OSBS,EPSG:32617,-9999
D03,BARC,BARC.AOS.inlet,WGS84,inlet,6426611,6499,89,402493.5,3283472.5,NEON_D03_OSBS_DP1_20170927_L018-1_radiance,OSBS,EPSG:32617,-9999
D03,BARC,BARC.AOS.outlet,WGS84,outlet,6725219,6801,19,402423.5,3283170.5,NEON_D03_OSBS_DP1_20170927_L018-1_radiance,OSBS,EPSG:32617,-9999
D03,BARC,BARC.AOS.buoy.c0,WGS84,buoy.c0,7053415,6998,439,402423.5,3283307.5,NEON_D03_OSBS_DP1_20170927_L019-1_radiance,OSBS,EPSG:32617,17.014114379882812
D03,BARC,BARC.AOS.inlet,WGS84,inlet,6887165,6833,509,402493.5,3283472.5,NEON_D03_OSBS_DP1_20170927_L019-1_radiance,OSBS,EPSG:32617,17.013460159301758
D03,BARC,BARC.AOS.outlet,WGS84,outlet,7191511,7135,439,402423.5,3283170.5,NEON_D03_OSBS_DP1_20170927_L019-1_radiance,OSBS,EPSG:32617,17.014787673950195
D03,BARC,BARC.AOS.buoy.c0,WGS84,buoy.c0,6967294,6661,934,402423.5,3283307.5,NEON_D03_OSBS_DP1_20170927_L020-1_radiance,OSBS,EPSG:32617,17.143821716308594
D03,BARC,BARC.AOS.inlet,WGS84,inlet,6794774,6496,1004,402493.5,3283472.5,NEON_D03_OSBS_DP1_20170927_L020-1_radiance,OSBS,EPSG:32617,17.14458465576172
D03,BARC,BARC.AOS.outlet,WGS84,outlet,7110596,6798,934,402423.5,3283170.5,NEON_D03_OSBS_DP1_20170927_L020-1_radiance,OSBS,EPSG:32617,17.143110275268555
D03,BARC,BARC.AOS.buoy.c0,WGS84,buoy.c0,5378893,6699,399,402423.5,3283307.5,NEON_D03_OSBS_DP1_20180915_L019-1_radiance,OSBS,EPSG:32617,15.777082443237305
D03,BARC,BARC.AOS.inlet,WGS84,inlet,5246468,6534,469,402493.5,3283472.5,NEON_D03_OSBS_DP1_20180915_L019-1_radiance,OSBS,EPSG:32617,15.777946472167969
D03,BARC,BARC.AOS.outlet,WGS84,outlet,5488904,6836,399,402423.5,3283170.5,NEON_D03_OSBS_DP1_20180915_L019-1_radiance,OSBS,EPSG:32617,15.776315689086914
D03,BARC,BARC.AOS.buoy.c0,WGS84,buoy.c0,5622843,7293,711,402423.5,3283307.5,NEON_D03_OSBS_DP1_20180915_L020-1_radiance,OSBS,EPSG:32617,-9999
D03,BARC,BARC.AOS.outlet,WGS84,outlet,5728470,7430,711,402423.5,3283170.5,NEON_D03_OSBS_DP1_20180915_L020-1_radiance,OSBS,EPSG:32617,-9999
D03,BARC,BARC.AOS.buoy.c0,WGS84,buoy.c0,6522094,7176,19,402423.5,3283307.5,NEON_D03_OSBS_DP1_20181012_L018-1_radiance,OSBS,EPSG:32617,-9999
D03,BARC,BARC.AOS.inlet,WGS84,inlet,6372179,7011,89,402493.5,3283472.5,NEON_D03_OSBS_DP1_20181012_L018-1_radiance,OSBS,EPSG:32617,-9999
D03,BARC,BARC.AOS.outlet,WGS84,outlet,6646627,7313,19,402423.5,3283170.5,NEON_D03_OSBS_DP1_20181012_L018-1_radiance,OSBS,EPSG:32617,-9999
D03,BARC,BARC.AOS.buoy.c0,WGS84,buoy.c0,5552515,6739,403,402423.5,3283307.5,NEON_D03_OSBS_DP1_20181012_L019-1_radiance,OSBS,EPSG:32617,17.484228134155273
D03,BARC,BARC.AOS.inlet,WGS84,inlet,5416625,6574,473,402493.5,3283472.5,NEON_D03_OSBS_DP1_20181012_L019-1_radiance,OSBS,EPSG:32617,17.485050201416016
D03,BARC,BARC.AOS.outlet,WGS84,outlet,5665403,6876,403,402423.5,3283170.5,NEON_D03_OSBS_DP1_20181012_L019-1_radiance,OSBS,EPSG:32617,17.483497619628906
D03,BARC,BARC.AOS.buoy.c0,WGS84,buoy.c0,5707513,6986,768,402423.5,3283307.5,NEON_D03_OSBS_DP1_20181012_L020-1_radiance,OSBS,EPSG:32617,-9999
D03,BARC,BARC.AOS.outlet,WGS84,outlet,5819442,7123,768,402423.5,3283170.5,NEON_D03_OSBS_DP1_20181012_L020-1_radiance,OSBS,EPSG:32617,17.608755111694336
D08,BLWA,BLWA.AOS.buoy.c0,WGS84,buoy.c0,5709174,691,7014,425063.5,3600648.5,NEON_D08_DELA_DP1_20170515_L001-1_radiance,DELA,EPSG:32616,17.017009735107422
D08,BLWA,BLWA.AOS.buoy.c1,WGS84,buoy.c1,5709174,691,7014,425063.5,3600648.5,NEON_D08_DELA_DP1_20170515_L001-1_radiance,DELA,EPSG:32616,17.017009735107422
D08,BLWA,BLWA.AOS.buoy.c2,WGS84,buoy.c2,5709174,691,7014,425063.5,3600648.5,NEON_D08_DELA_DP1_20170515_L001-1_radiance,DELA,EPSG:32616,17.017009735107422
D08,BLWA,BLWA.AOS.buoy.c0,WGS84,buoy.c0,5794587,7076,162,425063.5,3600648.5,NEON_D08_DELA_DP1_20170515_L012-1_radiance,DELA,EPSG:32616,15.083941459655762
D08,BLWA,BLWA.AOS.buoy.c1,WGS84,buoy.c1,5794587,7076,162,425063.5,3600648.5,NEON_D08_DELA_DP1_20170515_L012-1_radiance,DELA,EPSG:32616,15.083941459655762
D08,BLWA,BLWA.AOS.buoy.c2,WGS84,buoy.c2,5794587,7076,162,425063.5,3600648.5,NEON_D08_DELA_DP1_20170515_L012-1_radiance,DELA,EPSG:32616,15.083941459655762
D08,BLWA,BLWA.AOS.buoy.c0,WGS84,buoy.c0,5426019,6724,558,425063.5,3600648.5,NEON_D08_DELA_DP1_20170515_L013-1_radiance,DELA,EPSG:32616,15.20082664489746
D08,BLWA,BLWA.AOS.buoy.c1,WGS84,buoy.c1,5426019,6724,558,425063.5,3600648.5,NEON_D08_DELA_DP1_20170515_L013-1_radiance,DELA,EPSG:32616,15.20082664489746
D08,BLWA,BLWA.AOS.buoy.c2,WGS84,buoy.c2,5426019,6724,558,425063.5,3600648.5,NEON_D08_DELA_DP1_20170515_L013-1_radiance,DELA,EPSG:32616,15.20082664489746
D08,BLWA,BLWA.AOS.buoy.c0,WGS84,buoy.c0,4403308,555,2332,425063.5,3600648.5,NEON_D08_DELA_DP1_20170516_L001-1_radiance,DELA,EPSG:32616,20.602676391601562
D08,BLWA,BLWA.AOS.buoy.c1,WGS84,buoy.c1,4403308,555,2332,425063.5,3600648.5,NEON_D08_DELA_DP1_20170516_L001-1_radiance,DELA,EPSG:32616,20.602676391601562
D08,BLWA,BLWA.AOS.buoy.c2,WGS84,buoy.c2,4403308,555,2332,425063.5,3600648.5,NEON_D08_DELA_DP1_20170516_L001-1_radiance,DELA,EPSG:32616,20.602676391601562
D08,BLWA,BLWA.AOS.buoy.c0,WGS84,buoy.c0,6677983,520,7276,425063.5,3600648.5,NEON_D08_DELA_DP1_20170526_L001-1_radiance,DELA,EPSG:32616,17.137317657470703
D08,BLWA,BLWA.AOS.buoy.c1,WGS84,buoy.c1,6677983,520,7276,425063.5,3600648.5,NEON_D08_DELA_DP1_20170526_L001-1_radiance,DELA,EPSG:32616,17.137317657470703
D08,BLWA,BLWA.AOS.buoy.c2,WGS84,buoy.c2,6677983,520,7276,425063.5,3600648.5,NEON_D08_DELA_DP1_20170526_L001-1_radiance,DELA,EPSG:32616,17.137317657470703
D08,BLWA,BLWA.AOS.buoy.c0,WGS84,buoy.c0,6493897,7596,172,425063.5,3600648.5,NEON_D08_DELA_DP1_20180430_L012-1_radiance,DELA,EPSG:32616,16.07066535949707
D08,BLWA,BLWA.AOS.buoy.c1,WGS84,buoy.c1,6493897,7596,172,425063.5,3600648.5,NEON_D08_DELA_DP1_20180430_L012-1_radiance,DELA,EPSG:32616,16.07066535949707
D08,BLWA,BLWA.AOS.buoy.c2,WGS84,buoy.c2,6493897,7596,172,425063.5,3600648.5,NEON_D08_DELA_DP1_20180430_L012-1_radiance,DELA,EPSG:32616,16.07066535949707
D08,BLWA,BLWA.AOS.buoy.c0,WGS84,buoy.c0,6272498,7277,586,425063.5,3600648.5,NEON_D08_DELA_DP1_20180430_L013-1_radiance,DELA,EPSG:32616,16.169071197509766
D08,BLWA,BLWA.AOS.buoy.c1,WGS84,buoy.c1,6272498,7277,586,425063.5,3600648.5,NEON_D08_DELA_DP1_20180430_L013-1_radiance,DELA,EPSG:32616,16.169071197509766
D08,BLWA,BLWA.AOS.buoy.c2,WGS84,buoy.c2,6272498,7277,586,425063.5,3600648.5,NEON_D08_DELA_DP1_20180430_L013-1_radiance,DELA,EPSG:32616,16.169071197509766
D08,BLWA,BLWA.AOS.buoy.c0,WGS84,buoy.c0,6386412,487,6690,425063.5,3600648.5,NEON_D08_DELA_DP1_20190429_L001-1_radiance,DELA,EPSG:32616,17.395586013793945
D08,BLWA,BLWA.AOS.buoy.c1,WGS84,buoy.c1,6386412,487,6690,425063.5,3600648.5,NEON_D08_DELA_DP1_20190429_L001-1_radiance,DELA,EPSG:32616,17.395586013793945
D08,BLWA,BLWA.AOS.buoy.c2,WGS84,buoy.c2,6386412,487,6690,425063.5,3600648.5,NEON_D08_DELA_DP1_20190429_L001-1_radiance,DELA,EPSG:32616,17.395586013793945
D08,BLWA,BLWA.AOS.buoy.c0,WGS84,buoy.c0,6097594,7642,76,425063.5,3600648.5,NEON_D08_DELA_DP1_20190429_L012-1_radiance,DELA,EPSG:32616,15.238198280334473
D08,BLWA,BLWA.AOS.buoy.c1,WGS84,buoy.c1,6097594,7642,76,425063.5,3600648.5,NEON_D08_DELA_DP1_20190429_L012-1_radiance,DELA,EPSG:32616,15.238198280334473
D08,BLWA,BLWA.AOS.buoy.c2,WGS84,buoy.c2,6097594,7642,76,425063.5,3600648.5,NEON_D08_DELA_DP1_20190429_L012-1_radiance,DELA,EPSG:32616,15.238198280334473
D08,BLWA,BLWA.AOS.buoy.c0,WGS84,buoy.c0,5359024,6801,624,425063.5,3600648.5,NEON_D08_DELA_DP1_20190429_L013-1_radiance,DELA,EPSG:32616,15.32718563079834
D08,BLWA,BLWA.AOS.buoy.c1,WGS84,buoy.c1,5359024,6801,624,425063.5,3600648.5,NEON_D08_DELA_DP1_20190429_L013-1_radiance,DELA,EPSG:32616,15.32718563079834
D08,BLWA,BLWA.AOS.buoy.c2,WGS84,buoy.c2,5359024,6801,624,425063.5,3600648.5,NEON_D08_DELA_DP1_20190429_L013-1_radiance,DELA,EPSG:32616,15.32718563079834
D05,CRAM,CRAM.AOS.outlet,WGS84,outlet,7176224,6615,34,309132.5,5120578.5,NEON_D05_UNDE_DP1_20160902_L008-1_radiance,UNDE,EPSG:32616,-9999
D05,CRAM,CRAM.AOS.outlet,WGS84,outlet,7469307,6352,531,309132.5,5120578.5,NEON_D05_UNDE_DP1_20160902_L009-1_radiance,UNDE,EPSG:32616,17.821813583374023
D05,CRAM,CRAM.AOS.inlet,WGS84,inlet,7992479,6797,383,308984.5,5120133.5,NEON_D05_UNDE_DP1_20160902_L009-1_radiance,UNDE,EPSG:32616,17.819517135620117
D05,CRAM,CRAM.AOS.buoy.c1,WGS84,buoy.c1,7645517,6502,341,308942.5,5120428.5,NEON_D05_UNDE_DP1_20160902_L009-1_radiance,UNDE,EPSG:32616,17.82098388671875
D05,CRAM,CRAM.AOS.buoy.c2,WGS84,buoy.c2,7645517,6502,341,308942.5,5120428.5,NEON_D05_UNDE_DP1_20160902_L009-1_radiance,UNDE,EPSG:32616,17.82098388671875
D05,CRAM,CRAM.AOS.buoy.c0,WGS84,buoy.c0,7645517,6502,341,308942.5,5120428.5,NEON_D05_UNDE_DP1_20160902_L009-1_radiance,UNDE,EPSG:32616,17.82098388671875
D05,CRAM,CRAM.AOS.outlet,WGS84,outlet,8560762,7804,871,309132.5,5120578.5,NEON_D05_UNDE_DP1_20160902_L010-1_radiance,UNDE,EPSG:32616,17.719270706176758
D05,CRAM,CRAM.AOS.inlet,WGS84,inlet,9048779,8249,723,308984.5,5120133.5,NEON_D05_UNDE_DP1_20160902_L010-1_radiance,UNDE,EPSG:32616,17.721406936645508
D05,CRAM,CRAM.AOS.buoy.c1,WGS84,buoy.c1,8725122,7954,681,308942.5,5120428.5,NEON_D05_UNDE_DP1_20160902_L010-1_radiance,UNDE,EPSG:32616,17.720094680786133
D05,CRAM,CRAM.AOS.buoy.c2,WGS84,buoy.c2,8725122,7954,681,308942.5,5120428.5,NEON_D05_UNDE_DP1_20160902_L010-1_radiance,UNDE,EPSG:32616,17.720094680786133
D05,CRAM,CRAM.AOS.buoy.c0,WGS84,buoy.c0,8725122,7954,681,308942.5,5120428.5,NEON_D05_UNDE_DP1_20160902_L010-1_radiance,UNDE,EPSG:32616,17.720094680786133
D05,CRAM,CRAM.AOS.outlet,WGS84,outlet,7488319,6541,19,309132.5,5120578.5,NEON_D05_UNDE_DP1_20170912_L008-2_radiance,UNDE,EPSG:32616,-9999
D05,CRAM,CRAM.AOS.outlet,WGS84,outlet,7207957,6650,441,309132.5,5120578.5,NEON_D05_UNDE_DP1_20170912_L009-1_radiance,UNDE,EPSG:32616,17.900344848632812
D05,CRAM,CRAM.AOS.inlet,WGS84,inlet,7690189,7095,293,308984.5,5120133.5,NEON_D05_UNDE_DP1_20170912_L009-1_radiance,UNDE,EPSG:32616,17.902746200561523
D05,CRAM,CRAM.AOS.buoy.c1,WGS84,buoy.c1,7370367,6800,251,308942.5,5120428.5,NEON_D05_UNDE_DP1_20170912_L009-1_radiance,UNDE,EPSG:32616,17.901081085205078
D05,CRAM,CRAM.AOS.buoy.c2,WGS84,buoy.c2,7370367,6800,251,308942.5,5120428.5,NEON_D05_UNDE_DP1_20170912_L009-1_radiance,UNDE,EPSG:32616,17.901081085205078
D05,CRAM,CRAM.AOS.buoy.c0,WGS84,buoy.c0,7370367,6800,251,308942.5,5120428.5,NEON_D05_UNDE_DP1_20170912_L009-1_radiance,UNDE,EPSG:32616,17.901081085205078
D05,CRAM,CRAM.AOS.outlet,WGS84,outlet,6935011,6555,879,309132.5,5120578.5,NEON_D05_UNDE_DP1_20170912_L010-1_radiance,UNDE,EPSG:32616,-9999
D05,CRAM,CRAM.AOS.inlet,WGS84,inlet,7405673,7000,731,308984.5,5120133.5,NEON_D05_UNDE_DP1_20170912_L010-1_radiance,UNDE,EPSG:32616,18.028409957885746
D05,CRAM,CRAM.AOS.buoy.c1,WGS84,buoy.c1,7093521,6705,689,308942.5,5120428.5,NEON_D05_UNDE_DP1_20170912_L010-1_radiance,UNDE,EPSG:32616,18.029970169067383
D05,CRAM,CRAM.AOS.buoy.c2,WGS84,buoy.c2,7093521,6705,689,308942.5,5120428.5,NEON_D05_UNDE_DP1_20170912_L010-1_radiance,UNDE,EPSG:32616,18.029970169067383
D05,CRAM,CRAM.AOS.buoy.c0,WGS84,buoy.c0,7093521,6705,689,308942.5,5120428.5,NEON_D05_UNDE_DP1_20170912_L010-1_radiance,UNDE,EPSG:32616,18.029970169067383
D05,CRAM,CRAM.AOS.outlet,WGS84,outlet,6878773,438,10881,309132.5,5120578.5,NEON_D05_UNDE_DP1_20190608_L001-1_radiance,UNDE,EPSG:32616,-9999
D05,CRAM,CRAM.AOS.inlet,WGS84,inlet,13872245,883,10733,308984.5,5120133.5,NEON_D05_UNDE_DP1_20190608_L001-1_radiance,UNDE,EPSG:32616,17.329978942871094
D05,CRAM,CRAM.AOS.buoy.c1,WGS84,buoy.c1,9235983,588,10691,308942.5,5120428.5,NEON_D05_UNDE_DP1_20190608_L001-1_radiance,UNDE,EPSG:32616,17.329492568969727
D05,CRAM,CRAM.AOS.buoy.c2,WGS84,buoy.c2,9235983,588,10691,308942.5,5120428.5,NEON_D05_UNDE_DP1_20190608_L001-1_radiance,UNDE,EPSG:32616,17.329492568969727
D05,CRAM,CRAM.AOS.buoy.c0,WGS84,buoy.c0,9235983,588,10691,308942.5,5120428.5,NEON_D05_UNDE_DP1_20190608_L001-1_radiance,UNDE,EPSG:32616,17.329492568969727
D05,CRAM,CRAM.AOS.outlet,WGS84,outlet,10126147,7626,147,309132.5,5120578.5,NEON_D05_UNDE_DP1_20190608_L008-1_radiance,UNDE,EPSG:32616,-9999
D05,CRAM,CRAM.AOS.outlet,WGS84,outlet,9097760,7075,596,309132.5,5120578.5,NEON_D05_UNDE_DP1_20190608_L009-1_radiance,UNDE,EPSG:32616,15.7051362991333
D05,CRAM,CRAM.AOS.inlet,WGS84,inlet,9669882,7520,448,308984.5,5120133.5,NEON_D05_UNDE_DP1_20190608_L009-1_radiance,UNDE,EPSG:32616,15.702919960021973
D05,CRAM,CRAM.AOS.buoy.c1,WGS84,buoy.c1,9290470,7225,406,308942.5,5120428.5,NEON_D05_UNDE_DP1_20190608_L009-1_radiance,UNDE,EPSG:32616,15.704336166381836
D05,CRAM,CRAM.AOS.buoy.c2,WGS84,buoy.c2,9290470,7225,406,308942.5,5120428.5,NEON_D05_UNDE_DP1_20190608_L009-1_radiance,UNDE,EPSG:32616,15.704336166381836
D05,CRAM,CRAM.AOS.buoy.c0,WGS84,buoy.c0,9290470,7225,406,308942.5,5120428.5,NEON_D05_UNDE_DP1_20190608_L009-1_radiance,UNDE,EPSG:32616,15.704336166381836
D05,CRAM,CRAM.AOS.outlet,WGS84,outlet,8943915,7398,942,309132.5,5120578.5,NEON_D05_UNDE_DP1_20190608_L010-1_radiance,UNDE,EPSG:32616,-9999
D05,CRAM,CRAM.AOS.inlet,WGS84,inlet,9481772,7843,794,308984.5,5120133.5,NEON_D05_UNDE_DP1_20190608_L010-1_radiance,UNDE,EPSG:32616,15.57331371307373
D05,CRAM,CRAM.AOS.buoy.c1,WGS84,buoy.c1,9125075,7548,752,308942.5,5120428.5,NEON_D05_UNDE_DP1_20190608_L010-1_radiance,UNDE,EPSG:32616,15.571746826171877
D05,CRAM,CRAM.AOS.buoy.c2,WGS84,buoy.c2,9125075,7548,752,308942.5,5120428.5,NEON_D05_UNDE_DP1_20190608_L010-1_radiance,UNDE,EPSG:32616,15.571746826171877
D05,CRAM,CRAM.AOS.buoy.c0,WGS84,buoy.c0,9125075,7548,752,308942.5,5120428.5,NEON_D05_UNDE_DP1_20190608_L010-1_radiance,UNDE,EPSG:32616,15.571746826171877
D05,CRAM,CRAM.AOS.outlet,WGS84,outlet,5114859,366,9604,309132.5,5120578.5,NEON_D05_UNDE_DP1_20200806_L001-1_radiance,UNDE,EPSG:32616,-9999
D05,CRAM,CRAM.AOS.inlet,WGS84,inlet,11338926,811,9456,308984.5,5120133.5,NEON_D05_UNDE_DP1_20200806_L001-1_radiance,UNDE,EPSG:32616,15.535307884216309
D05,CRAM,CRAM.AOS.buoy.c1,WGS84,buoy.c1,7212719,516,9414,308942.5,5120428.5,NEON_D05_UNDE_DP1_20200806_L001-1_radiance,UNDE,EPSG:32616,15.535438537597656
D05,CRAM,CRAM.AOS.buoy.c2,WGS84,buoy.c2,7212719,516,9414,308942.5,5120428.5,NEON_D05_UNDE_DP1_20200806_L001-1_radiance,UNDE,EPSG:32616,15.535438537597656
D05,CRAM,CRAM.AOS.buoy.c0,WGS84,buoy.c0,7212719,516,9414,308942.5,5120428.5,NEON_D05_UNDE_DP1_20200806_L001-1_radiance,UNDE,EPSG:32616,15.535438537597656
D05,CRAM,CRAM.AOS.outlet,WGS84,outlet,3390601,228,9663,309132.5,5120578.5,NEON_D05_UNDE_DP1_20200811_L001-1_radiance,UNDE,EPSG:32616,-9999
D05,CRAM,CRAM.AOS.inlet,WGS84,inlet,10018283,673,9515,308984.5,5120133.5,NEON_D05_UNDE_DP1_20200811_L001-1_radiance,UNDE,EPSG:32616,18.236188888549805
D05,CRAM,CRAM.AOS.buoy.c1,WGS84,buoy.c1,5624511,378,9473,308942.5,5120428.5,NEON_D05_UNDE_DP1_20200811_L001-1_radiance,UNDE,EPSG:32616,18.23637580871582
D05,CRAM,CRAM.AOS.buoy.c2,WGS84,buoy.c2,5624511,378,9473,308942.5,5120428.5,NEON_D05_UNDE_DP1_20200811_L001-1_radiance,UNDE,EPSG:32616,18.23637580871582
D05,CRAM,CRAM.AOS.buoy.c0,WGS84,buoy.c0,5624511,378,9473,308942.5,5120428.5,NEON_D05_UNDE_DP1_20200811_L001-1_radiance,UNDE,EPSG:32616,18.23637580871582
D05,CRAM,CRAM.AOS.outlet,WGS84,outlet,7941957,6760,132,309132.5,5120578.5,NEON_D05_UNDE_DP1_20200811_L008-1_radiance,UNDE,EPSG:32616,-9999
D05,CRAM,CRAM.AOS.outlet,WGS84,outlet,8138221,7399,421,309132.5,5120578.5,NEON_D05_UNDE_DP1_20200811_L009-1_radiance,UNDE,EPSG:32616,17.26677703857422
D05,CRAM,CRAM.AOS.inlet,WGS84,inlet,8627573,7844,273,308984.5,5120133.5,NEON_D05_UNDE_DP1_20200811_L009-1_radiance,UNDE,EPSG:32616,17.269493103027344
D05,CRAM,CRAM.AOS.buoy.c1,WGS84,buoy.c1,8303031,7549,231,308942.5,5120428.5,NEON_D05_UNDE_DP1_20200811_L009-1_radiance,UNDE,EPSG:32616,-9999
D05,CRAM,CRAM.AOS.buoy.c2,WGS84,buoy.c2,8303031,7549,231,308942.5,5120428.5,NEON_D05_UNDE_DP1_20200811_L009-1_radiance,UNDE,EPSG:32616,-9999
D05,CRAM,CRAM.AOS.buoy.c0,WGS84,buoy.c0,8303031,7549,231,308942.5,5120428.5,NEON_D05_UNDE_DP1_20200811_L009-1_radiance,UNDE,EPSG:32616,-9999
D05,CRAM,CRAM.AOS.outlet,WGS84,outlet,7954663,6696,1003,309132.5,5120578.5,NEON_D05_UNDE_DP1_20200811_L010-1_radiance,UNDE,EPSG:32616,-9999
D05,CRAM,CRAM.AOS.inlet,WGS84,inlet,8483175,7141,855,308984.5,5120133.5,NEON_D05_UNDE_DP1_20200811_L010-1_radiance,UNDE,EPSG:32616,17.155712127685547
D05,CRAM,CRAM.AOS.buoy.c1,WGS84,buoy.c1,8132673,6846,813,308942.5,5120428.5,NEON_D05_UNDE_DP1_20200811_L010-1_radiance,UNDE,EPSG:32616,17.157358169555664
D05,CRAM,CRAM.AOS.buoy.c2,WGS84,buoy.c2,8132673,6846,813,308942.5,5120428.5,NEON_D05_UNDE_DP1_20200811_L010-1_radiance,UNDE,EPSG:32616,17.157358169555664
D05,CRAM,CRAM.AOS.buoy.c0,WGS84,buoy.c0,8132673,6846,813,308942.5,5120428.5,NEON_D05_UNDE_DP1_20200811_L010-1_radiance,UNDE,EPSG:32616,17.157358169555664
D03,FLNT,FLNT.AOS.buoy.c0,WGS84,buoy.c0,20109381,16153,141,744107.5,3452888.5,NEON_D03_JERC_DP1_20170917_L005-1_radiance,JERC,EPSG:32616,-9999
D03,FLNT,FLNT.AOS.buoy.c0,WGS84,buoy.c0,21392268,15953,636,744107.5,3452888.5,NEON_D03_JERC_DP1_20170917_L006-1_radiance,JERC,EPSG:32616,17.8386287689209
D03,FLNT,FLNT.AOS.buoy.c0,WGS84,buoy.c0,18138101,15995,905,744107.5,3452888.5,NEON_D03_JERC_DP1_20170917_L007-1_radiance,JERC,EPSG:32616,14.883594512939451
D03,FLNT,FLNT.AOS.buoy.c0,WGS84,buoy.c0,20030933,16273,101,744107.5,3452888.5,NEON_D03_JERC_DP1_20170918_L005-1_radiance,JERC,EPSG:32616,-9999
D03,FLNT,FLNT.AOS.buoy.c0,WGS84,buoy.c0,21512435,16151,635,744107.5,3452888.5,NEON_D03_JERC_DP1_20170918_L006-1_radiance,JERC,EPSG:32616,17.003265380859375
D03,FLNT,FLNT.AOS.buoy.c0,WGS84,buoy.c0,17316375,16019,917,744107.5,3452888.5,NEON_D03_JERC_DP1_20180916_L007-1_radiance,JERC,EPSG:32616,16.017595291137695
D03,FLNT,FLNT.AOS.buoy.c0,WGS84,buoy.c0,18722285,16424,65,744107.5,3452888.5,NEON_D03_JERC_DP1_20180919_L005-1_radiance,JERC,EPSG:32616,-9999
D03,FLNT,FLNT.AOS.buoy.c0,WGS84,buoy.c0,18385747,15919,457,744107.5,3452888.5,NEON_D03_JERC_DP1_20180919_L006-1_radiance,JERC,EPSG:32616,15.559823036193848
D03,FLNT,FLNT.AOS.buoy.c0,WGS84,buoy.c0,20671916,16239,942,744107.5,3452888.5,NEON_D03_JERC_DP1_20190830_L007-1_radiance,JERC,EPSG:32616,18.36438751220703
D03,FLNT,FLNT.AOS.buoy.c0,WGS84,buoy.c0,24471950,16283,104,744107.5,3452888.5,NEON_D03_JERC_DP1_20190906_L005-1_radiance,JERC,EPSG:32616,-9999
D03,FLNT,FLNT.AOS.buoy.c0,WGS84,buoy.c0,25547972,18676,572,744107.5,3452888.5,NEON_D03_JERC_DP1_20190906_L006-1_radiance,JERC,EPSG:32616,-9999
D03,FLNT,FLNT.AOS.buoy.c0,WGS84,buoy.c0,18152250,16839,886,744107.5,3452888.5,NEON_D03_JERC_DP1_20190906_L007-1_radiance,JERC,EPSG:32616,14.782732009887695
D05,LIRO,LIRO.AOS.outlet,WGS84,outlet,2295907,644,1683,290621.5,5097670.5,NEON_D05_LIRO_DP1_20170911_L001-2_radiance,LIRO,EPSG:32616,20.245376586914062
D05,LIRO,LIRO.AOS.buoy.c0,WGS84,buoy.c0,3194981,896,1621,290559.5,5097418.5,NEON_D05_LIRO_DP1_20170911_L001-2_radiance,LIRO,EPSG:32616,-9999
D05,LIRO,LIRO.AOS.buoy.c1,WGS84,buoy.c1,3194981,896,1621,290559.5,5097418.5,NEON_D05_LIRO_DP1_20170911_L001-2_radiance,LIRO,EPSG:32616,-9999
D05,LIRO,LIRO.AOS.buoy.c2,WGS84,buoy.c2,3194981,896,1621,290559.5,5097418.5,NEON_D05_LIRO_DP1_20170911_L001-2_radiance,LIRO,EPSG:32616,-9999
D05,LIRO,LIRO.AOS.outlet,WGS84,outlet,2464568,2568,248,290621.5,5097670.5,NEON_D05_LIRO_DP1_20170911_L005-2_radiance,LIRO,EPSG:32616,20.01608085632324
D05,LIRO,LIRO.AOS.inlet,WGS84,inlet,3034600,3162,40,290413.5,5097076.5,NEON_D05_LIRO_DP1_20170911_L005-2_radiance,LIRO,EPSG:32616,-9999
D05,LIRO,LIRO.AOS.buoy.c0,WGS84,buoy.c0,2706426,2820,186,290559.5,5097418.5,NEON_D05_LIRO_DP1_20170911_L005-2_radiance,LIRO,EPSG:32616,20.017559051513672
D05,LIRO,LIRO.AOS.buoy.c1,WGS84,buoy.c1,2706426,2820,186,290559.5,5097418.5,NEON_D05_LIRO_DP1_20170911_L005-2_radiance,LIRO,EPSG:32616,20.017559051513672
D05,LIRO,LIRO.AOS.buoy.c2,WGS84,buoy.c2,2706426,2820,186,290559.5,5097418.5,NEON_D05_LIRO_DP1_20170911_L005-2_radiance,LIRO,EPSG:32616,20.017559051513672
D05,LIRO,LIRO.AOS.outlet,WGS84,outlet,1661637,1882,714,290621.5,5097670.5,NEON_D05_LIRO_DP1_20170911_L006-2_radiance,LIRO,EPSG:32616,-9999
D05,LIRO,LIRO.AOS.inlet,WGS84,inlet,2185931,2476,506,290413.5,5097076.5,NEON_D05_LIRO_DP1_20170911_L006-2_radiance,LIRO,EPSG:32616,20.070180892944336
D05,LIRO,LIRO.AOS.buoy.c0,WGS84,buoy.c0,1884091,2134,652,290559.5,5097418.5,NEON_D05_LIRO_DP1_20170911_L006-2_radiance,LIRO,EPSG:32616,-9999
D05,LIRO,LIRO.AOS.buoy.c1,WGS84,buoy.c1,1884091,2134,652,290559.5,5097418.5,NEON_D05_LIRO_DP1_20170911_L006-2_radiance,LIRO,EPSG:32616,-9999
D05,LIRO,LIRO.AOS.buoy.c2,WGS84,buoy.c2,1884091,2134,652,290559.5,5097418.5,NEON_D05_LIRO_DP1_20170911_L006-2_radiance,LIRO,EPSG:32616,-9999
D05,LIRO,LIRO.AOS.outlet,WGS84,outlet,2750463,592,2313,290621.5,5097670.5,NEON_D05_LIRO_DP1_20200816_L001-2_radiance,LIRO,EPSG:32616,15.082987785339355
D05,LIRO,LIRO.AOS.buoy.c0,WGS84,buoy.c0,3922201,844,2251,290559.5,5097418.5,NEON_D05_LIRO_DP1_20200816_L001-2_radiance,LIRO,EPSG:32616,-9999
D05,LIRO,LIRO.AOS.buoy.c1,WGS84,buoy.c1,3922201,844,2251,290559.5,5097418.5,NEON_D05_LIRO_DP1_20200816_L001-2_radiance,LIRO,EPSG:32616,-9999
D05,LIRO,LIRO.AOS.buoy.c2,WGS84,buoy.c2,3922201,844,2251,290559.5,5097418.5,NEON_D05_LIRO_DP1_20200816_L001-2_radiance,LIRO,EPSG:32616,-9999
D05,LIRO,LIRO.AOS.outlet,WGS84,outlet,1927890,2346,300,290621.5,5097670.5,NEON_D05_LIRO_DP1_20200816_L005-1_radiance,LIRO,EPSG:32616,15.36872100830078
D05,LIRO,LIRO.AOS.inlet,WGS84,inlet,2415950,2940,92,290413.5,5097076.5,NEON_D05_LIRO_DP1_20200816_L005-1_radiance,LIRO,EPSG:32616,-9999
D05,LIRO,LIRO.AOS.buoy.c0,WGS84,buoy.c0,2134972,2598,238,290559.5,5097418.5,NEON_D05_LIRO_DP1_20200816_L005-1_radiance,LIRO,EPSG:32616,15.367165565490724
D05,LIRO,LIRO.AOS.buoy.c1,WGS84,buoy.c1,2134972,2598,238,290559.5,5097418.5,NEON_D05_LIRO_DP1_20200816_L005-1_radiance,LIRO,EPSG:32616,15.367165565490724
D05,LIRO,LIRO.AOS.buoy.c2,WGS84,buoy.c2,2134972,2598,238,290559.5,5097418.5,NEON_D05_LIRO_DP1_20200816_L005-1_radiance,LIRO,EPSG:32616,15.367165565490724
D05,LIRO,LIRO.AOS.outlet,WGS84,outlet,2387595,2449,795,290621.5,5097670.5,NEON_D05_LIRO_DP1_20200816_L006-1_radiance,LIRO,EPSG:32616,15.427266120910645
D05,LIRO,LIRO.AOS.inlet,WGS84,inlet,2966537,3043,587,290413.5,5097076.5,NEON_D05_LIRO_DP1_20200816_L006-1_radiance,LIRO,EPSG:32616,15.430599212646484
D05,LIRO,LIRO.AOS.buoy.c0,WGS84,buoy.c0,2633233,2701,733,290559.5,5097418.5,NEON_D05_LIRO_DP1_20200816_L006-1_radiance,LIRO,EPSG:32616,15.42866325378418
D05,LIRO,LIRO.AOS.buoy.c1,WGS84,buoy.c1,2633233,2701,733,290559.5,5097418.5,NEON_D05_LIRO_DP1_20200816_L006-1_radiance,LIRO,EPSG:32616,15.42866325378418
D05,LIRO,LIRO.AOS.buoy.c2,WGS84,buoy.c2,2633233,2701,733,290559.5,5097418.5,NEON_D05_LIRO_DP1_20200816_L006-1_radiance,LIRO,EPSG:32616,15.42866325378418
D09,PRLA,PRLA.AOS.buoy.c0,WGS84,buoy.c0,7785765,582,12566,491000.5,5222920.5,NEON_D09_WOOD_DP1_20170621_L001-1_radiance,WOOD,EPSG:32614,20.97466468811035
D09,PRLA,PRLA.AOS.inlet,WGS84,inlet,8722636,652,12907,491341.5,5222850.5,NEON_D09_WOOD_DP1_20170621_L001-1_radiance,WOOD,EPSG:32614,20.97171211242676
D09,PRLA,PRLA.AOS.outlet,WGS84,outlet,6099899,456,12454,490888.5,5223046.5,NEON_D09_WOOD_DP1_20170621_L001-1_radiance,WOOD,EPSG:32614,20.97542381286621
D09,PRLA,PRLA.AOS.reach,WGS84,reach,8146990,609,12558,490992.5,5222893.5,NEON_D09_WOOD_DP1_20170621_L001-1_radiance,WOOD,EPSG:32614,20.97467613220215
D09,PRLA,PRLA.AOS.buoy.c1,WGS84,buoy.c1,7785765,582,12566,491000.5,5222920.5,NEON_D09_WOOD_DP1_20170621_L001-1_radiance,WOOD,EPSG:32614,20.97466468811035
D09,PRLA,PRLA.AOS.buoy.c0,WGS84,buoy.c0,11657188,500,16017,491000.5,5222920.5,NEON_D09_WOOD_DP1_20170626_L001-1_radiance,WOOD,EPSG:32614,15.555950164794922
D09,PRLA,PRLA.AOS.inlet,WGS84,inlet,13290559,570,16358,491341.5,5222850.5,NEON_D09_WOOD_DP1_20170626_L001-1_radiance,WOOD,EPSG:32614,15.557806015014648
D09,PRLA,PRLA.AOS.outlet,WGS84,outlet,8717622,374,15905,490888.5,5223046.5,NEON_D09_WOOD_DP1_20170626_L001-1_radiance,WOOD,EPSG:32614,15.55541706085205
D09,PRLA,PRLA.AOS.reach,WGS84,reach,12287063,527,16009,490992.5,5222893.5,NEON_D09_WOOD_DP1_20170626_L001-1_radiance,WOOD,EPSG:32614,15.55590534210205
D09,PRLA,PRLA.AOS.buoy.c1,WGS84,buoy.c1,11657188,500,16017,491000.5,5222920.5,NEON_D09_WOOD_DP1_20170626_L001-1_radiance,WOOD,EPSG:32614,15.555950164794922
D09,PRLA,PRLA.AOS.inlet,WGS84,inlet,6020016,6523,210,491341.5,5222850.5,NEON_D09_WOOD_DP1_20170626_L016-1_radiance,WOOD,EPSG:32614,15.968915939331056
D09,PRLA,PRLA.AOS.buoy.c0,WGS84,buoy.c0,6634589,6682,356,491000.5,5222920.5,NEON_D09_WOOD_DP1_20170626_L017-1_radiance,WOOD,EPSG:32614,16.08089828491211
D09,PRLA,PRLA.AOS.inlet,WGS84,inlet,6704440,6752,697,491341.5,5222850.5,NEON_D09_WOOD_DP1_20170626_L017-1_radiance,WOOD,EPSG:32614,16.0810604095459
D09,PRLA,PRLA.AOS.outlet,WGS84,outlet,6509359,6556,244,490888.5,5223046.5,NEON_D09_WOOD_DP1_20170626_L017-1_radiance,WOOD,EPSG:32614,16.080202102661133
D09,PRLA,PRLA.AOS.reach,WGS84,reach,6661392,6709,348,490992.5,5222893.5,NEON_D09_WOOD_DP1_20170626_L017-1_radiance,WOOD,EPSG:32614,16.08102035522461
D09,PRLA,PRLA.AOS.buoy.c1,WGS84,buoy.c1,6634589,6682,356,491000.5,5222920.5,NEON_D09_WOOD_DP1_20170626_L017-1_radiance,WOOD,EPSG:32614,16.08089828491211
D09,PRLA,PRLA.AOS.buoy.c0,WGS84,buoy.c0,6385290,6496,705,491000.5,5222920.5,NEON_D09_WOOD_DP1_20170626_L018-1_radiance,WOOD,EPSG:32614,16.18648338317871
D09,PRLA,PRLA.AOS.outlet,WGS84,outlet,6261320,6370,593,490888.5,5223046.5,NEON_D09_WOOD_DP1_20170626_L018-1_radiance,WOOD,EPSG:32614,16.187095642089844
D09,PRLA,PRLA.AOS.reach,WGS84,reach,6411823,6523,697,490992.5,5222893.5,NEON_D09_WOOD_DP1_20170626_L018-1_radiance,WOOD,EPSG:32614,16.18633460998535
D09,PRLA,PRLA.AOS.buoy.c1,WGS84,buoy.c1,6385290,6496,705,491000.5,5222920.5,NEON_D09_WOOD_DP1_20170626_L018-1_radiance,WOOD,EPSG:32614,16.18648338317871
D09,PRLA,PRLA.AOS.buoy.c0,WGS84,buoy.c0,17165880,737,16344,491000.5,5222920.5,NEON_D09_WOOD_DP1_20190726_L001-1_radiance,WOOD,EPSG:32614,22.15721893310547
D09,PRLA,PRLA.AOS.inlet,WGS84,inlet,18797291,807,16685,491341.5,5222850.5,NEON_D09_WOOD_DP1_20190726_L001-1_radiance,WOOD,EPSG:32614,22.155447006225582
D09,PRLA,PRLA.AOS.outlet,WGS84,outlet,14229842,611,16232,490888.5,5223046.5,NEON_D09_WOOD_DP1_20190726_L001-1_radiance,WOOD,EPSG:32614,22.15779685974121
D09,PRLA,PRLA.AOS.reach,WGS84,reach,17794999,764,16336,490992.5,5222893.5,NEON_D09_WOOD_DP1_20190726_L001-1_radiance,WOOD,EPSG:32614,22.157236099243164
D09,PRLA,PRLA.AOS.buoy.c1,WGS84,buoy.c1,17165880,737,16344,491000.5,5222920.5,NEON_D09_WOOD_DP1_20190726_L001-1_radiance,WOOD,EPSG:32614,22.15721893310547
D09,PRLA,PRLA.AOS.inlet,WGS84,inlet,9553235,7793,243,491341.5,5222850.5,NEON_D09_WOOD_DP1_20190726_L016-1_radiance,WOOD,EPSG:32614,-9999
D09,PRLA,PRLA.AOS.buoy.c0,WGS84,buoy.c0,6370817,6721,257,491000.5,5222920.5,NEON_D09_WOOD_DP1_20190726_L017-1_radiance,WOOD,EPSG:32614,16.36990737915039
D09,PRLA,PRLA.AOS.inlet,WGS84,inlet,6437518,6791,598,491341.5,5222850.5,NEON_D09_WOOD_DP1_20190726_L017-1_radiance,WOOD,EPSG:32614,16.368694305419922
D09,PRLA,PRLA.AOS.outlet,WGS84,outlet,6251257,6595,145,490888.5,5223046.5,NEON_D09_WOOD_DP1_20190726_L017-1_radiance,WOOD,EPSG:32614,-9999
D09,PRLA,PRLA.AOS.reach,WGS84,reach,6396405,6748,249,490992.5,5222893.5,NEON_D09_WOOD_DP1_20190726_L017-1_radiance,WOOD,EPSG:32614,16.36978530883789
D09,PRLA,PRLA.AOS.buoy.c1,WGS84,buoy.c1,6370817,6721,257,491000.5,5222920.5,NEON_D09_WOOD_DP1_20190726_L017-1_radiance,WOOD,EPSG:32614,16.36990737915039
D09,PRLA,PRLA.AOS.buoy.c0,WGS84,buoy.c0,6311821,7029,677,491000.5,5222920.5,NEON_D09_WOOD_DP1_20190726_L018-1_radiance,WOOD,EPSG:32614,-9999
D09,PRLA,PRLA.AOS.outlet,WGS84,outlet,6198561,6903,565,490888.5,5223046.5,NEON_D09_WOOD_DP1_20190726_L018-1_radiance,WOOD,EPSG:32614,16.50609588623047
D09,PRLA,PRLA.AOS.reach,WGS84,reach,6336059,7056,669,490992.5,5222893.5,NEON_D09_WOOD_DP1_20190726_L018-1_radiance,WOOD,EPSG:32614,16.506649017333984
D09,PRLA,PRLA.AOS.buoy.c1,WGS84,buoy.c1,6311821,7029,677,491000.5,5222920.5,NEON_D09_WOOD_DP1_20190726_L018-1_radiance,WOOD,EPSG:32614,-9999
D09,PRLA,PRLA.AOS.buoy.c0,WGS84,buoy.c0,16295558,676,16583,491000.5,5222920.5,NEON_D09_WOOD_DP1_20190727_L001-1_radiance,WOOD,EPSG:32614,15.451248168945312
D09,PRLA,PRLA.AOS.inlet,WGS84,inlet,17984089,746,16924,491341.5,5222850.5,NEON_D09_WOOD_DP1_20190727_L001-1_radiance,WOOD,EPSG:32614,15.452839851379396
D09,PRLA,PRLA.AOS.outlet,WGS84,outlet,13256704,550,16471,490888.5,5223046.5,NEON_D09_WOOD_DP1_20190727_L001-1_radiance,WOOD,EPSG:32614,15.450761795043944
D09,PRLA,PRLA.AOS.reach,WGS84,reach,16946709,703,16575,490992.5,5222893.5,NEON_D09_WOOD_DP1_20190727_L001-1_radiance,WOOD,EPSG:32614,15.451189994812012
D09,PRLA,PRLA.AOS.buoy.c1,WGS84,buoy.c1,16295558,676,16583,491000.5,5222920.5,NEON_D09_WOOD_DP1_20190727_L001-1_radiance,WOOD,EPSG:32614,15.451248168945312
D09,PRLA,PRLA.AOS.buoy.c0,WGS84,buoy.c0,12059783,491,17053,491000.5,5222920.5,NEON_D09_WOOD_DP1_20190730_L001-1_radiance,WOOD,EPSG:32614,15.572430610656738
D09,PRLA,PRLA.AOS.inlet,WGS84,inlet,13780514,561,17394,491341.5,5222850.5,NEON_D09_WOOD_DP1_20190730_L001-1_radiance,WOOD,EPSG:32614,15.574347496032717
D09,PRLA,PRLA.AOS.outlet,WGS84,outlet,8962969,365,16941,490888.5,5223046.5,NEON_D09_WOOD_DP1_20190730_L001-1_radiance,WOOD,EPSG:32614,15.571758270263672
D09,PRLA,PRLA.AOS.reach,WGS84,reach,12723354,518,17045,490992.5,5222893.5,NEON_D09_WOOD_DP1_20190730_L001-1_radiance,WOOD,EPSG:32614,15.572394371032717
D09,PRLA,PRLA.AOS.buoy.c1,WGS84,buoy.c1,12059783,491,17053,491000.5,5222920.5,NEON_D09_WOOD_DP1_20190730_L001-1_radiance,WOOD,EPSG:32614,15.572430610656738
D09,PRLA,PRLA.AOS.buoy.c0,WGS84,buoy.c0,10482820,479,14142,491000.5,5222920.5,NEON_D09_WOOD_DP1_20200624_L001-1_radiance,WOOD,EPSG:32614,17.607770919799805
D09,PRLA,PRLA.AOS.inlet,WGS84,inlet,12016231,549,14483,491341.5,5222850.5,NEON_D09_WOOD_DP1_20200624_L001-1_radiance,WOOD,EPSG:32614,17.60590934753418
D09,PRLA,PRLA.AOS.outlet,WGS84,outlet,7723182,353,14030,490888.5,5223046.5,NEON_D09_WOOD_DP1_20200624_L001-1_radiance,WOOD,EPSG:32614,17.60833740234375
D09,PRLA,PRLA.AOS.reach,WGS84,reach,11074139,506,14134,490992.5,5222893.5,NEON_D09_WOOD_DP1_20200624_L001-1_radiance,WOOD,EPSG:32614,17.60780143737793
D09,PRLA,PRLA.AOS.buoy.c1,WGS84,buoy.c1,10482820,479,14142,491000.5,5222920.5,NEON_D09_WOOD_DP1_20200624_L001-1_radiance,WOOD,EPSG:32614,17.607770919799805
D09,PRLA,PRLA.AOS.inlet,WGS84,inlet,7177100,6634,194,491341.5,5222850.5,NEON_D09_WOOD_DP1_20200624_L016-1_radiance,WOOD,EPSG:32614,16.5563907623291
D09,PRLA,PRLA.AOS.buoy.c0,WGS84,buoy.c0,6021326,6736,236,491000.5,5222920.5,NEON_D09_WOOD_DP1_20200624_L017-1_radiance,WOOD,EPSG:32614,16.437692642211914
D09,PRLA,PRLA.AOS.inlet,WGS84,inlet,6084247,6806,577,491341.5,5222850.5,NEON_D09_WOOD_DP1_20200624_L017-1_radiance,WOOD,EPSG:32614,16.43809700012207
D09,PRLA,PRLA.AOS.outlet,WGS84,outlet,5908570,6610,124,490888.5,5223046.5,NEON_D09_WOOD_DP1_20200624_L017-1_radiance,WOOD,EPSG:32614,-9999
D09,PRLA,PRLA.AOS.reach,WGS84,reach,6045456,6763,228,490992.5,5222893.5,NEON_D09_WOOD_DP1_20200624_L017-1_radiance,WOOD,EPSG:32614,16.43781089782715
D09,PRLA,PRLA.AOS.buoy.c1,WGS84,buoy.c1,6021326,6736,236,491000.5,5222920.5,NEON_D09_WOOD_DP1_20200624_L017-1_radiance,WOOD,EPSG:32614,16.437692642211914
D09,PRLA,PRLA.AOS.buoy.c0,WGS84,buoy.c0,5449755,6442,669,491000.5,5222920.5,NEON_D09_WOOD_DP1_20200624_L018-1_radiance,WOOD,EPSG:32614,16.31230354309082
D09,PRLA,PRLA.AOS.outlet,WGS84,outlet,5343047,6316,557,490888.5,5223046.5,NEON_D09_WOOD_DP1_20200624_L018-1_radiance,WOOD,EPSG:32614,16.313108444213867
D09,PRLA,PRLA.AOS.reach,WGS84,reach,5472589,6469,661,490992.5,5222893.5,NEON_D09_WOOD_DP1_20200624_L018-1_radiance,WOOD,EPSG:32614,16.312122344970703
D09,PRLA,PRLA.AOS.buoy.c1,WGS84,buoy.c1,5449755,6442,669,491000.5,5222920.5,NEON_D09_WOOD_DP1_20200624_L018-1_radiance,WOOD,EPSG:32614,16.31230354309082
D09,PRLA,PRLA.AOS.buoy.c0,WGS84,buoy.c0,4179642,499,2916,491000.5,5222920.5,NEON_D09_WOOD_DP1_20200626_L001-2_radiance,WOOD,EPSG:32614,19.468372344970703
D09,PRLA,PRLA.AOS.inlet,WGS84,inlet,4767073,569,3257,491341.5,5222850.5,NEON_D09_WOOD_DP1_20200626_L001-2_radiance,WOOD,EPSG:32614,19.465993881225582
D09,PRLA,PRLA.AOS.outlet,WGS84,outlet,3122768,373,2804,490888.5,5223046.5,NEON_D09_WOOD_DP1_20200626_L001-2_radiance,WOOD,EPSG:32614,19.469511032104492
D09,PRLA,PRLA.AOS.reach,WGS84,reach,4406083,526,2908,490992.5,5222893.5,NEON_D09_WOOD_DP1_20200626_L001-2_radiance,WOOD,EPSG:32614,19.46840476989746
D09,PRLA,PRLA.AOS.buoy.c1,WGS84,buoy.c1,4179642,499,2916,491000.5,5222920.5,NEON_D09_WOOD_DP1_20200626_L001-2_radiance,WOOD,EPSG:32614,19.468372344970703
D09,PRLA,PRLA.AOS.buoy.c0,WGS84,buoy.c0,5652513,430,12879,491000.5,5222920.5,NEON_D09_WOOD_DP1_20200702_L001-1_radiance,WOOD,EPSG:32614,17.23627471923828
D09,PRLA,PRLA.AOS.outlet,WGS84,outlet,3996005,304,12767,490888.5,5223046.5,NEON_D09_WOOD_DP1_20200702_L001-1_radiance,WOOD,EPSG:32614,17.236282348632812
D09,PRLA,PRLA.AOS.reach,WGS84,reach,6007447,457,12871,490992.5,5222893.5,NEON_D09_WOOD_DP1_20200702_L001-1_radiance,WOOD,EPSG:32614,17.236509323120117
D09,PRLA,PRLA.AOS.buoy.c1,WGS84,buoy.c1,5652513,430,12879,491000.5,5222920.5,NEON_D09_WOOD_DP1_20200702_L001-1_radiance,WOOD,EPSG:32614,17.23627471923828
D09,PRPO,PRPO.AOS.buoy.c0,WGS84,buoy.c0,10968157,11607,487,480775.5,5219718.5,NEON_D09_WOOD_DP1_20170619_L042-1_radiance,WOOD,EPSG:32614,15.9134521484375
D09,PRPO,PRPO.AOS.inlet,WGS84,inlet,11074850,11720,395,480683.5,5219605.5,NEON_D09_WOOD_DP1_20170619_L042-1_radiance,WOOD,EPSG:32614,15.914007186889648
D09,PRPO,PRPO.AOS.outlet,WGS84,outlet,10924890,11561,690,480978.5,5219764.5,NEON_D09_WOOD_DP1_20170619_L042-1_radiance,WOOD,EPSG:32614,-9999
D09,PRPO,PRPO.AOS.outlet,WGS84,outlet,12382501,11445,93,480978.5,5219764.5,NEON_D09_WOOD_DP1_20170621_L040-1_radiance,WOOD,EPSG:32614,-9999
D09,PRPO,PRPO.AOS.buoy.c0,WGS84,buoy.c0,10661675,12298,176,480775.5,5219718.5,NEON_D09_WOOD_DP1_20170621_L041-1_radiance,WOOD,EPSG:32614,18.68217086791992
D09,PRPO,PRPO.AOS.inlet,WGS84,inlet,10759554,12411,84,480683.5,5219605.5,NEON_D09_WOOD_DP1_20170621_L041-1_radiance,WOOD,EPSG:32614,-9999
D09,PRPO,PRPO.AOS.outlet,WGS84,outlet,10621996,12252,379,480978.5,5219764.5,NEON_D09_WOOD_DP1_20170621_L041-1_radiance,WOOD,EPSG:32614,18.681659698486328
D09,PRPO,PRPO.AOS.buoy.c0,WGS84,buoy.c0,10839290,12768,107,480775.5,5219718.5,NEON_D09_WOOD_DP1_20190730_L041-1_radiance,WOOD,EPSG:32614,-9999
D09,PRPO,PRPO.AOS.inlet,WGS84,inlet,10935135,12881,15,480683.5,5219605.5,NEON_D09_WOOD_DP1_20190730_L041-1_radiance,WOOD,EPSG:32614,-9999
D09,PRPO,PRPO.AOS.outlet,WGS84,outlet,10800439,12722,310,480978.5,5219764.5,NEON_D09_WOOD_DP1_20190730_L041-1_radiance,WOOD,EPSG:32614,16.868528366088867
D09,PRPO,PRPO.AOS.buoy.c0,WGS84,buoy.c0,9548647,11862,542,480775.5,5219718.5,NEON_D09_WOOD_DP1_20190730_L042-1_radiance,WOOD,EPSG:32614,16.990623474121094
D09,PRPO,PRPO.AOS.inlet,WGS84,inlet,9639520,11975,450,480683.5,5219605.5,NEON_D09_WOOD_DP1_20190730_L042-1_radiance,WOOD,EPSG:32614,16.990039825439453
D09,PRPO,PRPO.AOS.outlet,WGS84,outlet,9511820,11816,745,480978.5,5219764.5,NEON_D09_WOOD_DP1_20190730_L042-1_radiance,WOOD,EPSG:32614,-9999
D09,PRPO,PRPO.AOS.buoy.c0,WGS84,buoy.c0,10649581,12442,85,480775.5,5219718.5,NEON_D09_WOOD_DP1_20200624_L041-1_radiance,WOOD,EPSG:32614,15.874876022338867
D09,PRPO,PRPO.AOS.outlet,WGS84,outlet,10610408,12396,288,480978.5,5219764.5,NEON_D09_WOOD_DP1_20200624_L041-1_radiance,WOOD,EPSG:32614,15.874711990356444
D09,PRPO,PRPO.AOS.buoy.c0,WGS84,buoy.c0,9846687,11571,617,480775.5,5219718.5,NEON_D09_WOOD_DP1_20200624_L042-1_radiance,WOOD,EPSG:32614,15.684622764587402
D09,PRPO,PRPO.AOS.inlet,WGS84,inlet,9942758,11684,525,480683.5,5219605.5,NEON_D09_WOOD_DP1_20200624_L042-1_radiance,WOOD,EPSG:32614,15.684042930603027
D09,PRPO,PRPO.AOS.outlet,WGS84,outlet,9807744,11525,820,480978.5,5219764.5,NEON_D09_WOOD_DP1_20200624_L042-1_radiance,WOOD,EPSG:32614,-9999
D09,PRPO,PRPO.AOS.buoy.c0,WGS84,buoy.c0,15166331,12241,971,480775.5,5219718.5,NEON_D09_WOOD_DP1_20200624_L043-1_radiance,WOOD,EPSG:32614,-9999
D09,PRPO,PRPO.AOS.inlet,WGS84,inlet,15306246,12354,879,480683.5,5219605.5,NEON_D09_WOOD_DP1_20200624_L043-1_radiance,WOOD,EPSG:32614,-9999
D09,PRPO,PRPO.AOS.outlet,WGS84,outlet,15109540,12195,1174,480978.5,5219764.5,NEON_D09_WOOD_DP1_20200624_L043-1_radiance,WOOD,EPSG:32614,-9999
D03,SUGG,SUGG.AOS.buoy.c0,WGS84,buoy.c0,6631165,505,3061,401574.5,3284663.5,NEON_D03_OSBS_DP1_20140507_L001-1_radiance,OSBS,EPSG:32617,14.167866706848145
D03,SUGG,SUGG.AOS.outlet,WGS84,outlet,7393605,563,2743,401256.5,3284605.5,NEON_D03_OSBS_DP1_20140507_L001-1_radiance,OSBS,EPSG:32617,14.169464111328123
D03,SUGG,SUGG.AOS.buoy.c0,WGS84,buoy.c0,4926865,5276,15,401574.5,3284663.5,NEON_D03_OSBS_DP1_20140507_L020-1_radiance,OSBS,EPSG:32617,-9999
D03,SUGG,SUGG.AOS.buoy.c0,WGS84,buoy.c0,5336534,6170,349,401574.5,3284663.5,NEON_D03_OSBS_DP1_20140507_L021-1_radiance,OSBS,EPSG:32617,15.702272415161133
D03,SUGG,SUGG.AOS.inlet,WGS84,inlet,5628795,6508,240,401465.5,3284325.5,NEON_D03_OSBS_DP1_20140507_L021-1_radiance,OSBS,EPSG:32617,15.70405101776123
D03,SUGG,SUGG.AOS.outlet,WGS84,outlet,5386386,6228,31,401256.5,3284605.5,NEON_D03_OSBS_DP1_20140507_L021-1_radiance,OSBS,EPSG:32617,-9999
D03,SUGG,SUGG.AOS.buoy.c0,WGS84,buoy.c0,4430459,5306,784,401574.5,3284663.5,NEON_D03_OSBS_DP1_20140507_L022-1_radiance,OSBS,EPSG:32617,-9999
D03,SUGG,SUGG.AOS.inlet,WGS84,inlet,4712580,5644,675,401465.5,3284325.5,NEON_D03_OSBS_DP1_20140507_L022-1_radiance,OSBS,EPSG:32617,15.847134590148926
D03,SUGG,SUGG.AOS.outlet,WGS84,outlet,4478571,5364,466,401256.5,3284605.5,NEON_D03_OSBS_DP1_20140507_L022-1_radiance,OSBS,EPSG:32617,15.848509788513184
D03,SUGG,SUGG.AOS.outlet,WGS84,outlet,5717671,6188,883,401256.5,3284605.5,NEON_D03_OSBS_DP1_20140507_L023-1_radiance,OSBS,EPSG:32617,-9999
D03,SUGG,SUGG.AOS.buoy.c0,WGS84,buoy.c0,6745922,519,3116,401574.5,3284663.5,NEON_D03_OSBS_DP1_20140520_L001-1_radiance,OSBS,EPSG:32617,15.0332670211792
D03,SUGG,SUGG.AOS.outlet,WGS84,outlet,7500590,577,2798,401256.5,3284605.5,NEON_D03_OSBS_DP1_20140520_L001-1_radiance,OSBS,EPSG:32617,15.035015106201172
D03,SUGG,SUGG.AOS.buoy.c0,WGS84,buoy.c0,6957022,538,3946,401574.5,3284663.5,NEON_D03_OSBS_DP1_20140520_L001-2_radiance,OSBS,EPSG:32617,16.42281150817871
D03,SUGG,SUGG.AOS.outlet,WGS84,outlet,7707688,596,3628,401256.5,3284605.5,NEON_D03_OSBS_DP1_20140520_L001-2_radiance,OSBS,EPSG:32617,16.421144485473633
D03,SUGG,SUGG.AOS.buoy.c0,WGS84,buoy.c0,4919282,5336,412,401574.5,3284663.5,NEON_D03_OSBS_DP1_20140520_L021-1_radiance,OSBS,EPSG:32617,15.610268592834473
D03,SUGG,SUGG.AOS.inlet,WGS84,inlet,5230809,5674,303,401465.5,3284325.5,NEON_D03_OSBS_DP1_20140520_L021-1_radiance,OSBS,EPSG:32617,15.608363151550291
D03,SUGG,SUGG.AOS.outlet,WGS84,outlet,4972440,5394,94,401256.5,3284605.5,NEON_D03_OSBS_DP1_20140520_L021-1_radiance,OSBS,EPSG:32617,-9999
D03,SUGG,SUGG.AOS.buoy.c0,WGS84,buoy.c0,5311281,6091,801,401574.5,3284663.5,NEON_D03_OSBS_DP1_20140520_L022-1_radiance,OSBS,EPSG:32617,-9999
D03,SUGG,SUGG.AOS.inlet,WGS84,inlet,5605908,6429,692,401465.5,3284325.5,NEON_D03_OSBS_DP1_20140520_L022-1_radiance,OSBS,EPSG:32617,15.446247100830078
D03,SUGG,SUGG.AOS.outlet,WGS84,outlet,5361539,6149,483,401256.5,3284605.5,NEON_D03_OSBS_DP1_20140520_L022-1_radiance,OSBS,EPSG:32617,15.444989204406738
D03,SUGG,SUGG.AOS.buoy.c0,WGS84,buoy.c0,8669375,668,3044,401574.5,3284663.5,NEON_D03_OSBS_DP1_20170927_L001-1_radiance,OSBS,EPSG:32617,16.631877899169922
D03,SUGG,SUGG.AOS.inlet,WGS84,inlet,13060900,1006,2935,401465.5,3284325.5,NEON_D03_OSBS_DP1_20170927_L001-1_radiance,OSBS,EPSG:32617,-9999
D03,SUGG,SUGG.AOS.outlet,WGS84,outlet,9422651,726,2726,401256.5,3284605.5,NEON_D03_OSBS_DP1_20170927_L001-1_radiance,OSBS,EPSG:32617,16.63373565673828
D03,SUGG,SUGG.AOS.buoy.c0,WGS84,buoy.c0,5548069,5305,85,401574.5,3284663.5,NEON_D03_OSBS_DP1_20170927_L020-1_radiance,OSBS,EPSG:32617,-9999
D03,SUGG,SUGG.AOS.buoy.c0,WGS84,buoy.c0,5580027,5637,387,401574.5,3284663.5,NEON_D03_OSBS_DP1_20170927_L021-1_radiance,OSBS,EPSG:32617,17.256540298461914
D03,SUGG,SUGG.AOS.inlet,WGS84,inlet,5914538,5975,278,401465.5,3284325.5,NEON_D03_OSBS_DP1_20170927_L021-1_radiance,OSBS,EPSG:32617,17.258506774902344
D03,SUGG,SUGG.AOS.outlet,WGS84,outlet,5637129,5695,69,401256.5,3284605.5,NEON_D03_OSBS_DP1_20170927_L021-1_radiance,OSBS,EPSG:32617,-9999
D03,SUGG,SUGG.AOS.buoy.c0,WGS84,buoy.c0,6066277,5257,853,401574.5,3284663.5,NEON_D03_OSBS_DP1_20170927_L022-1_radiance,OSBS,EPSG:32617,-9999
D03,SUGG,SUGG.AOS.inlet,WGS84,inlet,6456220,5595,744,401465.5,3284325.5,NEON_D03_OSBS_DP1_20170927_L022-1_radiance,OSBS,EPSG:32617,17.390207290649414
D03,SUGG,SUGG.AOS.outlet,WGS84,outlet,6132891,5315,535,401256.5,3284605.5,NEON_D03_OSBS_DP1_20170927_L022-1_radiance,OSBS,EPSG:32617,17.391639709472656
D03,SUGG,SUGG.AOS.buoy.c0,WGS84,buoy.c0,6898242,551,3442,401574.5,3284663.5,NEON_D03_OSBS_DP1_20180915_L001-1_radiance,OSBS,EPSG:32617,16.897499084472656
D03,SUGG,SUGG.AOS.outlet,WGS84,outlet,7625012,609,3124,401256.5,3284605.5,NEON_D03_OSBS_DP1_20180915_L001-1_radiance,OSBS,EPSG:32617,16.895715713500977
D03,SUGG,SUGG.AOS.buoy.c0,WGS84,buoy.c0,4310773,5389,373,401574.5,3284663.5,NEON_D03_OSBS_DP1_20180915_L021-1_radiance,OSBS,EPSG:32617,16.033864974975586
D03,SUGG,SUGG.AOS.inlet,WGS84,inlet,4581064,5727,264,401465.5,3284325.5,NEON_D03_OSBS_DP1_20180915_L021-1_radiance,OSBS,EPSG:32617,16.031837463378906
D03,SUGG,SUGG.AOS.outlet,WGS84,outlet,4356855,5447,55,401256.5,3284605.5,NEON_D03_OSBS_DP1_20180915_L021-1_radiance,OSBS,EPSG:32617,-9999
D03,SUGG,SUGG.AOS.buoy.c0,WGS84,buoy.c0,4375679,5705,711,401574.5,3284663.5,NEON_D03_OSBS_DP1_20180915_L022-1_radiance,OSBS,EPSG:32617,-9999
D03,SUGG,SUGG.AOS.inlet,WGS84,inlet,4634816,6043,602,401465.5,3284325.5,NEON_D03_OSBS_DP1_20180915_L022-1_radiance,OSBS,EPSG:32617,16.145784378051758
D03,SUGG,SUGG.AOS.outlet,WGS84,outlet,4419847,5763,393,401256.5,3284605.5,NEON_D03_OSBS_DP1_20180915_L022-1_radiance,OSBS,EPSG:32617,16.144397735595703
D03,SUGG,SUGG.AOS.buoy.c0,WGS84,buoy.c0,6196949,491,3349,401574.5,3284663.5,NEON_D03_OSBS_DP1_20181005_L001-1_radiance,OSBS,EPSG:32617,13.871588706970217
D03,SUGG,SUGG.AOS.outlet,WGS84,outlet,6929751,549,3031,401256.5,3284605.5,NEON_D03_OSBS_DP1_20181005_L001-1_radiance,OSBS,EPSG:32617,13.869866371154783
D03,SUGG,SUGG.AOS.buoy.c0,WGS84,buoy.c0,8344475,618,3252,401574.5,3284663.5,NEON_D03_OSBS_DP1_20181012_L001-1_radiance,OSBS,EPSG:32617,18.330394744873047
D03,SUGG,SUGG.AOS.inlet,WGS84,inlet,12913788,956,3143,401465.5,3284325.5,NEON_D03_OSBS_DP1_20181012_L001-1_radiance,OSBS,EPSG:32617,-9999
D03,SUGG,SUGG.AOS.outlet,WGS84,outlet,9128259,676,2934,401256.5,3284605.5,NEON_D03_OSBS_DP1_20181012_L001-1_radiance,OSBS,EPSG:32617,18.332334518432617
D03,SUGG,SUGG.AOS.buoy.c0,WGS84,buoy.c0,4858621,5503,355,401574.5,3284663.5,NEON_D03_OSBS_DP1_20181012_L021-1_radiance,OSBS,EPSG:32617,17.742958068847656
D03,SUGG,SUGG.AOS.inlet,WGS84,inlet,5156966,5841,246,401465.5,3284325.5,NEON_D03_OSBS_DP1_20181012_L021-1_radiance,OSBS,EPSG:32617,17.741188049316406
D03,SUGG,SUGG.AOS.outlet,WGS84,outlet,4909517,5561,37,401256.5,3284605.5,NEON_D03_OSBS_DP1_20181012_L021-1_radiance,OSBS,EPSG:32617,-9999
D03,SUGG,SUGG.AOS.buoy.c0,WGS84,buoy.c0,4710474,5568,792,401574.5,3284663.5,NEON_D03_OSBS_DP1_20181012_L022-1_radiance,OSBS,EPSG:32617,-9999
D03,SUGG,SUGG.AOS.inlet,WGS84,inlet,4996313,5906,683,401465.5,3284325.5,NEON_D03_OSBS_DP1_20181012_L022-1_radiance,OSBS,EPSG:32617,17.871246337890625
D03,SUGG,SUGG.AOS.outlet,WGS84,outlet,4759224,5626,474,401256.5,3284605.5,NEON_D03_OSBS_DP1_20181012_L022-1_radiance,OSBS,EPSG:32617,17.869935989379883
D08,TOMB,TOMB.AOS.buoy.c0,WGS84,buoy.c0,3027828,3100,105,390510.5,3524816.5,NEON_D08_LENO_DP1_20170517_L005-1_radiance,LENO,EPSG:32616,-9999
D08,TOMB,TOMB.AOS.buoy.c2,WGS84,buoy.c2,3027828,3100,105,390510.5,3524816.5,NEON_D08_LENO_DP1_20170517_L005-1_radiance,LENO,EPSG:32616,-9999
D08,TOMB,TOMB.AOS.buoy.c0,WGS84,buoy.c0,2597923,2809,523,390510.5,3524816.5,NEON_D08_LENO_DP1_20170517_L006-1_radiance,LENO,EPSG:32616,19.1051025390625
D08,TOMB,TOMB.AOS.buoy.c2,WGS84,buoy.c2,2597923,2809,523,390510.5,3524816.5,NEON_D08_LENO_DP1_20170517_L006-1_radiance,LENO,EPSG:32616,19.1051025390625
D08,TOMB,TOMB.AOS.buoy.c0,WGS84,buoy.c0,3770697,4214,62,390510.5,3524816.5,NEON_D08_LENO_DP1_20180428_L005-1_radiance,LENO,EPSG:32616,-9999
D08,TOMB,TOMB.AOS.buoy.c2,WGS84,buoy.c2,3770697,4214,62,390510.5,3524816.5,NEON_D08_LENO_DP1_20180428_L005-1_radiance,LENO,EPSG:32616,-9999
D08,TOMB,TOMB.AOS.buoy.c0,WGS84,buoy.c0,3175102,3882,444,390510.5,3524816.5,NEON_D08_LENO_DP1_20180428_L006-1_radiance,LENO,EPSG:32616,15.482230186462402
D08,TOMB,TOMB.AOS.buoy.c2,WGS84,buoy.c2,3175102,3882,444,390510.5,3524816.5,NEON_D08_LENO_DP1_20180428_L006-1_radiance,LENO,EPSG:32616,15.482230186462402
D08,TOMB,TOMB.AOS.buoy.c0,WGS84,buoy.c0,3216046,3447,928,390510.5,3524816.5,NEON_D08_LENO_DP1_20180428_L007-1_radiance,LENO,EPSG:32616,-9999
D08,TOMB,TOMB.AOS.buoy.c2,WGS84,buoy.c2,3216046,3447,928,390510.5,3524816.5,NEON_D08_LENO_DP1_20180428_L007-1_radiance,LENO,EPSG:32616,-9999
D08,TOMB,TOMB.AOS.buoy.c0,WGS84,buoy.c0,5900397,460,9591,390510.5,3524816.5,NEON_D08_LENO_DP1_20190506_L001-2_radiance,LENO,EPSG:32616,18.88101577758789
D08,TOMB,TOMB.AOS.buoy.c2,WGS84,buoy.c2,5900397,460,9591,390510.5,3524816.5,NEON_D08_LENO_DP1_20190506_L001-2_radiance,LENO,EPSG:32616,18.88101577758789
D08,TOMB,TOMB.AOS.buoy.c0,WGS84,buoy.c0,3876699,3289,147,390510.5,3524816.5,NEON_D08_LENO_DP1_20190506_L005-1_radiance,LENO,EPSG:32616,-9999
D08,TOMB,TOMB.AOS.buoy.c2,WGS84,buoy.c2,3876699,3289,147,390510.5,3524816.5,NEON_D08_LENO_DP1_20190506_L005-1_radiance,LENO,EPSG:32616,-9999
D08,TOMB,TOMB.AOS.buoy.c0,WGS84,buoy.c0,2629518,2783,528,390510.5,3524816.5,NEON_D08_LENO_DP1_20190506_L006-1_radiance,LENO,EPSG:32616,18.23710060119629
D08,TOMB,TOMB.AOS.buoy.c2,WGS84,buoy.c2,2629518,2783,528,390510.5,3524816.5,NEON_D08_LENO_DP1_20190506_L006-1_radiance,LENO,EPSG:32616,18.23710060119629
D08,TOMB,TOMB.AOS.buoy.c0,WGS84,buoy.c0,3211063,3464,862,390510.5,3524816.5,NEON_D08_LENO_DP1_20190506_L007-1_radiance,LENO,EPSG:32616,-9999
D08,TOMB,TOMB.AOS.buoy.c2,WGS84,buoy.c2,3211063,3464,862,390510.5,3524816.5,NEON_D08_LENO_DP1_20190506_L007-1_radiance,LENO,EPSG:32616,-9999
D18,TOOK,TOOK.AOS.outlet,WGS84,outlet,10584951,6821,311,394504.5,7616503.5,NEON_D18_TOOL_DP1_20170714_L039-1_radiance,TOOL,EPSG:32606,-9999
D18,TOOK,TOOK.AOS.inlet,WGS84,inlet,13168990,8486,270,394463.5,7614838.5,NEON_D18_TOOL_DP1_20170714_L039-1_radiance,TOOL,EPSG:32606,-9999
D18,TOOK,TOOK.AOS.outlet,WGS84,outlet,11697179,7686,609,394504.5,7616503.5,NEON_D18_TOOL_DP1_20170714_L040-1_radiance,TOOL,EPSG:32606,20.725522994995117
D18,TOOK,TOOK.AOS.inlet,WGS84,inlet,14231268,9351,568,394463.5,7614838.5,NEON_D18_TOOL_DP1_20170714_L040-1_radiance,TOOL,EPSG:32606,20.734188079833984
D18,TOOK,TOOK.AOS.reach,WGS84,reach,12994960,8539,124,394019.5,7615650.5,NEON_D18_TOOL_DP1_20170714_L040-1_radiance,TOOL,EPSG:32606,-9999
D18,TOOK,TOOK.AOS.buoy.c1,WGS84,buoy.c1,12346309,8065,325,393835.5,7615437.5,NEON_D18_TOOL_DP1_20170714_L041-1_radiance,TOOL,EPSG:32606,-9999
D18,TOOK,TOOK.AOS.buoy.c2,WGS84,buoy.c2,12346309,8065,325,393835.5,7615437.5,NEON_D18_TOOL_DP1_20170714_L041-1_radiance,TOOL,EPSG:32606,-9999
D18,TOOK,TOOK.AOS.outlet,WGS84,outlet,10714932,6999,994,394504.5,7616503.5,NEON_D18_TOOL_DP1_20170714_L041-1_radiance,TOOL,EPSG:32606,20.60655975341797
D18,TOOK,TOOK.AOS.inlet,WGS84,inlet,13264006,8664,953,394463.5,7614838.5,NEON_D18_TOOL_DP1_20170714_L041-1_radiance,TOOL,EPSG:32606,20.59764862060547
D18,TOOK,TOOK.AOS.buoy.c0,WGS84,buoy.c0,12346309,8065,325,393835.5,7615437.5,NEON_D18_TOOL_DP1_20170714_L041-1_radiance,TOOL,EPSG:32606,-9999
D18,TOOK,TOOK.AOS.reach,WGS84,reach,12020390,7852,509,394019.5,7615650.5,NEON_D18_TOOL_DP1_20170714_L041-1_radiance,TOOL,EPSG:32606,20.601715087890625
D18,TOOK,TOOK.AOS.buoy.c1,WGS84,buoy.c1,12612771,8610,586,393835.5,7615437.5,NEON_D18_TOOL_DP1_20170714_L042-1_radiance,TOOL,EPSG:32606,20.4481143951416
D18,TOOK,TOOK.AOS.buoy.c2,WGS84,buoy.c2,12612771,8610,586,393835.5,7615437.5,NEON_D18_TOOL_DP1_20170714_L042-1_radiance,TOOL,EPSG:32606,20.4481143951416
D18,TOOK,TOOK.AOS.outlet,WGS84,outlet,11051750,7544,1255,394504.5,7616503.5,NEON_D18_TOOL_DP1_20170714_L042-1_radiance,TOOL,EPSG:32606,-9999
D18,TOOK,TOOK.AOS.inlet,WGS84,inlet,13490934,9209,1214,394463.5,7614838.5,NEON_D18_TOOL_DP1_20170714_L042-1_radiance,TOOL,EPSG:32606,-9999
D18,TOOK,TOOK.AOS.buoy.c0,WGS84,buoy.c0,12612771,8610,586,393835.5,7615437.5,NEON_D18_TOOL_DP1_20170714_L042-1_radiance,TOOL,EPSG:32606,20.4481143951416
D18,TOOK,TOOK.AOS.reach,WGS84,reach,12300910,8397,770,394019.5,7615650.5,NEON_D18_TOOL_DP1_20170714_L042-1_radiance,TOOL,EPSG:32606,20.446962356567383
D18,TOOK,TOOK.AOS.buoy.c1,WGS84,buoy.c1,12337825,8059,1027,393835.5,7615437.5,NEON_D18_TOOL_DP1_20170714_L043-1_radiance,TOOL,EPSG:32606,20.310041427612305
D18,TOOK,TOOK.AOS.buoy.c2,WGS84,buoy.c2,12337825,8059,1027,393835.5,7615437.5,NEON_D18_TOOL_DP1_20170714_L043-1_radiance,TOOL,EPSG:32606,20.310041427612305
D18,TOOK,TOOK.AOS.buoy.c0,WGS84,buoy.c0,12337825,8059,1027,393835.5,7615437.5,NEON_D18_TOOL_DP1_20170714_L043-1_radiance,TOOL,EPSG:32606,20.310041427612305
D18,TOOK,TOOK.AOS.reach,WGS84,reach,12011906,7846,1211,394019.5,7615650.5,NEON_D18_TOOL_DP1_20170714_L043-1_radiance,TOOL,EPSG:32606,-9999
D18,TOOK,TOOK.AOS.buoy.c1,WGS84,buoy.c1,12812819,8542,1319,393835.5,7615437.5,NEON_D18_TOOL_DP1_20170714_L044-1_radiance,TOOL,EPSG:32606,-9999
D18,TOOK,TOOK.AOS.buoy.c2,WGS84,buoy.c2,12812819,8542,1319,393835.5,7615437.5,NEON_D18_TOOL_DP1_20170714_L044-1_radiance,TOOL,EPSG:32606,-9999
D18,TOOK,TOOK.AOS.buoy.c0,WGS84,buoy.c0,12812819,8542,1319,393835.5,7615437.5,NEON_D18_TOOL_DP1_20170714_L044-1_radiance,TOOL,EPSG:32606,-9999
D18,TOOK,TOOK.AOS.outlet,WGS84,outlet,10474784,6865,320,394504.5,7616503.5,NEON_D18_TOOL_DP1_20180707_L039-1_radiance,TOOL,EPSG:32606,-9999
D18,TOOK,TOOK.AOS.inlet,WGS84,inlet,13015533,8530,279,394463.5,7614838.5,NEON_D18_TOOL_DP1_20180707_L039-1_radiance,TOOL,EPSG:32606,-9999
D18,TOOK,TOOK.AOS.outlet,WGS84,outlet,10206479,7143,561,394504.5,7616503.5,NEON_D18_TOOL_DP1_20180707_L040-1_radiance,TOOL,EPSG:32606,20.72237205505371
D18,TOOK,TOOK.AOS.inlet,WGS84,inlet,12585723,8808,520,394463.5,7614838.5,NEON_D18_TOOL_DP1_20180707_L040-1_radiance,TOOL,EPSG:32606,20.732023239135746
D18,TOOK,TOOK.AOS.reach,WGS84,reach,11424931,7996,76,394019.5,7615650.5,NEON_D18_TOOL_DP1_20180707_L040-1_radiance,TOOL,EPSG:32606,-9999
D18,TOOK,TOOK.AOS.buoy.c1,WGS84,buoy.c1,11715066,7954,297,393835.5,7615437.5,NEON_D18_TOOL_DP1_20180707_L041-1_radiance,TOOL,EPSG:32606,-9999
D18,TOOK,TOOK.AOS.buoy.c2,WGS84,buoy.c2,11715066,7954,297,393835.5,7615437.5,NEON_D18_TOOL_DP1_20180707_L041-1_radiance,TOOL,EPSG:32606,-9999
D18,TOOK,TOOK.AOS.outlet,WGS84,outlet,10145517,6888,966,394504.5,7616503.5,NEON_D18_TOOL_DP1_20180707_L041-1_radiance,TOOL,EPSG:32606,20.549909591674805
D18,TOOK,TOOK.AOS.inlet,WGS84,inlet,12598021,8553,925,394463.5,7614838.5,NEON_D18_TOOL_DP1_20180707_L041-1_radiance,TOOL,EPSG:32606,20.54057884216309
D18,TOOK,TOOK.AOS.buoy.c0,WGS84,buoy.c0,11715066,7954,297,393835.5,7615437.5,NEON_D18_TOOL_DP1_20180707_L041-1_radiance,TOOL,EPSG:32606,-9999
D18,TOOK,TOOK.AOS.reach,WGS84,reach,11401501,7741,481,394019.5,7615650.5,NEON_D18_TOOL_DP1_20180707_L041-1_radiance,TOOL,EPSG:32606,20.54537582397461
D18,TOOK,TOOK.AOS.buoy.c1,WGS84,buoy.c1,12274095,8322,620,393835.5,7615437.5,NEON_D18_TOOL_DP1_20180707_L042-1_radiance,TOOL,EPSG:32606,20.341466903686523
D18,TOOK,TOOK.AOS.buoy.c2,WGS84,buoy.c2,12274095,8322,620,393835.5,7615437.5,NEON_D18_TOOL_DP1_20180707_L042-1_radiance,TOOL,EPSG:32606,20.341466903686523
D18,TOOK,TOOK.AOS.outlet,WGS84,outlet,10702414,7256,1289,394504.5,7616503.5,NEON_D18_TOOL_DP1_20180707_L042-1_radiance,TOOL,EPSG:32606,-9999
D18,TOOK,TOOK.AOS.inlet,WGS84,inlet,13158248,8921,1248,394463.5,7614838.5,NEON_D18_TOOL_DP1_20180707_L042-1_radiance,TOOL,EPSG:32606,-9999
D18,TOOK,TOOK.AOS.buoy.c0,WGS84,buoy.c0,12274095,8322,620,393835.5,7615437.5,NEON_D18_TOOL_DP1_20180707_L042-1_radiance,TOOL,EPSG:32606,20.341466903686523
D18,TOOK,TOOK.AOS.reach,WGS84,reach,11960104,8109,804,394019.5,7615650.5,NEON_D18_TOOL_DP1_20180707_L042-1_radiance,TOOL,EPSG:32606,20.34002113342285
D18,TOOK,TOOK.AOS.buoy.c1,WGS84,buoy.c1,12008322,7974,984,393835.5,7615437.5,NEON_D18_TOOL_DP1_20180707_L043-1_radiance,TOOL,EPSG:32606,20.17126846313477
D18,TOOK,TOOK.AOS.buoy.c2,WGS84,buoy.c2,12008322,7974,984,393835.5,7615437.5,NEON_D18_TOOL_DP1_20180707_L043-1_radiance,TOOL,EPSG:32606,20.17126846313477
D18,TOOK,TOOK.AOS.buoy.c0,WGS84,buoy.c0,12008322,7974,984,393835.5,7615437.5,NEON_D18_TOOL_DP1_20180707_L043-1_radiance,TOOL,EPSG:32606,20.17126846313477
D18,TOOK,TOOK.AOS.reach,WGS84,reach,11687728,7761,1168,394019.5,7615650.5,NEON_D18_TOOL_DP1_20180707_L043-1_radiance,TOOL,EPSG:32606,-9999
D18,TOOK,TOOK.AOS.buoy.c1,WGS84,buoy.c1,12356274,8400,1345,393835.5,7615437.5,NEON_D18_TOOL_DP1_20180707_L044-1_radiance,TOOL,EPSG:32606,-9999
D18,TOOK,TOOK.AOS.buoy.c2,WGS84,buoy.c2,12356274,8400,1345,393835.5,7615437.5,NEON_D18_TOOL_DP1_20180707_L044-1_radiance,TOOL,EPSG:32606,-9999
D18,TOOK,TOOK.AOS.buoy.c0,WGS84,buoy.c0,12356274,8400,1345,393835.5,7615437.5,NEON_D18_TOOL_DP1_20180707_L044-1_radiance,TOOL,EPSG:32606,-9999
D18,TOOK,TOOK.AOS.outlet,WGS84,outlet,11599210,7152,288,394504.5,7616503.5,NEON_D18_TOOL_DP1_20190711_L039-1_radiance,TOOL,EPSG:32606,-9999
D18,TOOK,TOOK.AOS.inlet,WGS84,inlet,14299799,8817,247,394463.5,7614838.5,NEON_D18_TOOL_DP1_20190711_L039-1_radiance,TOOL,EPSG:32606,-9999
D18,TOOK,TOOK.AOS.buoy.c1,WGS84,buoy.c1,11772742,7881,22,393835.5,7615437.5,NEON_D18_TOOL_DP1_20190711_L040-1_radiance,TOOL,EPSG:32606,-9999
D18,TOOK,TOOK.AOS.buoy.c2,WGS84,buoy.c2,11772742,7881,22,393835.5,7615437.5,NEON_D18_TOOL_DP1_20190711_L040-1_radiance,TOOL,EPSG:32606,-9999
D18,TOOK,TOOK.AOS.outlet,WGS84,outlet,10180807,6815,691,394504.5,7616503.5,NEON_D18_TOOL_DP1_20190711_L040-1_radiance,TOOL,EPSG:32606,20.551860809326172
D18,TOOK,TOOK.AOS.inlet,WGS84,inlet,12668276,8480,650,394463.5,7614838.5,NEON_D18_TOOL_DP1_20190711_L040-1_radiance,TOOL,EPSG:32606,20.541709899902344
D18,TOOK,TOOK.AOS.buoy.c0,WGS84,buoy.c0,11772742,7881,22,393835.5,7615437.5,NEON_D18_TOOL_DP1_20190711_L040-1_radiance,TOOL,EPSG:32606,-9999
D18,TOOK,TOOK.AOS.reach,WGS84,reach,11454704,7668,206,394019.5,7615650.5,NEON_D18_TOOL_DP1_20190711_L040-1_radiance,TOOL,EPSG:32606,-9999
D18,TOOK,TOOK.AOS.buoy.c1,WGS84,buoy.c1,12396477,8151,327,393835.5,7615437.5,NEON_D18_TOOL_DP1_20190711_L041-1_radiance,TOOL,EPSG:32606,-9999
D18,TOOK,TOOK.AOS.buoy.c2,WGS84,buoy.c2,12396477,8151,327,393835.5,7615437.5,NEON_D18_TOOL_DP1_20190711_L041-1_radiance,TOOL,EPSG:32606,-9999
D18,TOOK,TOOK.AOS.outlet,WGS84,outlet,10775760,7085,996,394504.5,7616503.5,NEON_D18_TOOL_DP1_20190711_L041-1_radiance,TOOL,EPSG:32606,20.679826736450195
D18,TOOK,TOOK.AOS.inlet,WGS84,inlet,13308184,8750,955,394463.5,7614838.5,NEON_D18_TOOL_DP1_20190711_L041-1_radiance,TOOL,EPSG:32606,20.68917465209961
D18,TOOK,TOOK.AOS.buoy.c0,WGS84,buoy.c0,12396477,8151,327,393835.5,7615437.5,NEON_D18_TOOL_DP1_20190711_L041-1_radiance,TOOL,EPSG:32606,-9999
D18,TOOK,TOOK.AOS.reach,WGS84,reach,12072688,7938,511,394019.5,7615650.5,NEON_D18_TOOL_DP1_20190711_L041-1_radiance,TOOL,EPSG:32606,-9999
D18,TOOK,TOOK.AOS.buoy.c1,WGS84,buoy.c1,12047163,7942,666,393835.5,7615437.5,NEON_D18_TOOL_DP1_20190711_L042-1_radiance,TOOL,EPSG:32606,20.844568252563477
D18,TOOK,TOOK.AOS.buoy.c2,WGS84,buoy.c2,12047163,7942,666,393835.5,7615437.5,NEON_D18_TOOL_DP1_20190711_L042-1_radiance,TOOL,EPSG:32606,20.844568252563477
D18,TOOK,TOOK.AOS.outlet,WGS84,outlet,10430710,6876,1335,394504.5,7616503.5,NEON_D18_TOOL_DP1_20190711_L042-1_radiance,TOOL,EPSG:32606,-9999
D18,TOOK,TOOK.AOS.inlet,WGS84,inlet,12956474,8541,1294,394463.5,7614838.5,NEON_D18_TOOL_DP1_20190711_L042-1_radiance,TOOL,EPSG:32606,-9999
D18,TOOK,TOOK.AOS.buoy.c0,WGS84,buoy.c0,12047163,7942,666,393835.5,7615437.5,NEON_D18_TOOL_DP1_20190711_L042-1_radiance,TOOL,EPSG:32606,20.844568252563477
D18,TOOK,TOOK.AOS.reach,WGS84,reach,11724226,7729,850,394019.5,7615650.5,NEON_D18_TOOL_DP1_20190711_L042-1_radiance,TOOL,EPSG:32606,20.845964431762695
D18,TOOK,TOOK.AOS.buoy.c1,WGS84,buoy.c1,12213215,8303,973,393835.5,7615437.5,NEON_D18_TOOL_DP1_20190711_L043-1_radiance,TOOL,EPSG:32606,20.97372055053711
D18,TOOK,TOOK.AOS.buoy.c2,WGS84,buoy.c2,12213215,8303,973,393835.5,7615437.5,NEON_D18_TOOL_DP1_20190711_L043-1_radiance,TOOL,EPSG:32606,20.97372055053711
D18,TOOK,TOOK.AOS.buoy.c0,WGS84,buoy.c0,12213215,8303,973,393835.5,7615437.5,NEON_D18_TOOL_DP1_20190711_L043-1_radiance,TOOL,EPSG:32606,20.97372055053711
D18,TOOK,TOOK.AOS.reach,WGS84,reach,11900076,8090,1157,394019.5,7615650.5,NEON_D18_TOOL_DP1_20190711_L043-1_radiance,TOOL,EPSG:32606,-9999
D18,TOOK,TOOK.AOS.buoy.c1,WGS84,buoy.c1,11550430,7999,1318,393835.5,7615437.5,NEON_D18_TOOL_DP1_20190711_L044-1_radiance,TOOL,EPSG:32606,-9999
D18,TOOK,TOOK.AOS.buoy.c2,WGS84,buoy.c2,11550430,7999,1318,393835.5,7615437.5,NEON_D18_TOOL_DP1_20190711_L044-1_radiance,TOOL,EPSG:32606,-9999
D18,TOOK,TOOK.AOS.buoy.c0,WGS84,buoy.c0,11550430,7999,1318,393835.5,7615437.5,NEON_D18_TOOL_DP1_20190711_L044-1_radiance,TOOL,EPSG:32606,-9999
